time,sequence,stem,arguments
2024-02-02 00:00:00,background_2024_02_02,DO_SCIENCE,"N_HEMI,DAY"
2024-02-02 00:07:59,background_2024_02_02,STOP_SCIENCE,
2024-02-02 00:08:00,background_2024_02_02,RUN_SEQ,MCO_Sband_setup
2024-02-02 00:08:01,background_2024_02_02/MCO_Sband_setup,TX_POWER,"ON,XBAND"
2024-02-02 00:08:06,background_2024_02_02/MCO_Sband_setup,CLOSE_SCI_PRODUCTS,
2024-02-02 00:08:11,background_2024_02_02/MCO_Sband_setup,FLUSH_DL_BUFFERS,
2024-02-02 00:08:12,background_2024_02_02/MCO_Sband_setup,SET_VCDU,17
2024-02-02 00:08:13,background_2024_02_02/MCO_Sband_setup,SET_TLM_PROD_RATE,XBAND_DL
2024-02-02 00:08:14,background_2024_02_02/MCO_Sband_setup,SET_PLAYBACK_RATE,200_MBPS
2024-02-02 00:08:15,background_2024_02_02/MCO_Sband_setup,START_PLAYBACK,
2024-02-02 00:21:50,background_2024_02_02,RUN_SEQ,break_down_comm
2024-02-02 00:21:51,background_2024_02_02,ADCS_YAW,-180
2024-02-02 00:21:51,background_2024_02_02/break_down_comm,STOP_PLAYBACK,
2024-02-02 00:21:52,background_2024_02_02/break_down_comm,SET_TLM_PROD_RATE,NOMINAL_SCI
2024-02-02 00:21:53,background_2024_02_02/break_down_comm,TX_POWER,"OFF,XBAND"
2024-02-02 00:21:54,background_2024_02_02/break_down_comm,TX_POWER,"OFF,SBAND"
2024-02-02 00:22:00,background_2024_02_02,DO_SCIENCE,"S_HEMI,DAY"
2024-02-02 00:33:41,background_2024_02_02,STOP_SCIENCE,
2024-02-02 00:33:42,background_2024_02_02,ADCS_YAW,180
2024-02-02 00:38:42,background_2024_02_02,DO_SCIENCE,"N_HEMI,DAY"
2024-02-02 00:47:59,background_2024_02_02,STOP_SCIENCE,
2024-02-02 00:48:00,background_2024_02_02,RUN_SEQ,ASF_Sband_setup
2024-02-02 00:48:01,background_2024_02_02/ASF_Sband_setup,TX_POWER,"ON,XBAND"
2024-02-02 00:48:06,background_2024_02_02/ASF_Sband_setup,CLOSE_SCI_PRODUCTS,
2024-02-02 00:48:11,background_2024_02_02/ASF_Sband_setup,FLUSH_DL_BUFFERS,
2024-02-02 00:48:12,background_2024_02_02/ASF_Sband_setup,SET_VCDU,17
2024-02-02 00:48:13,background_2024_02_02/ASF_Sband_setup,SET_TLM_PROD_RATE,XBAND_DL
2024-02-02 00:48:14,background_2024_02_02/ASF_Sband_setup,SET_PLAYBACK_RATE,200_MBPS
2024-02-02 00:48:15,background_2024_02_02/ASF_Sband_setup,START_PLAYBACK,
2024-02-02 01:01:50,background_2024_02_02,RUN_SEQ,break_down_comm
2024-02-02 01:01:51,background_2024_02_02/break_down_comm,STOP_PLAYBACK,
2024-02-02 01:01:52,background_2024_02_02/break_down_comm,SET_TLM_PROD_RATE,NOMINAL_SCI
2024-02-02 01:01:53,background_2024_02_02/break_down_comm,TX_POWER,"OFF,XBAND"
2024-02-02 01:01:54,background_2024_02_02/break_down_comm,TX_POWER,"OFF,SBAND"
2024-02-02 01:02:10,background_2024_02_02,DO_SCIENCE,"N_HEMI,NIGHT"
2024-02-02 01:23:03,background_2024_02_02,STOP_SCIENCE,
2024-02-02 01:23:04,background_2024_02_02,RUN_SEQ,dark_side_calibration
2024-02-02 01:23:04,background_2024_02_02/dark_side_calibration,DARK_SIDE_CALIBRATION,
2024-02-02 01:23:34,background_2024_02_02/dark_side_calibration,DARK_SIDE_CALIBRATION,
2024-02-02 01:24:04,background_2024_02_02/dark_side_calibration,DARK_SIDE_CALIBRATION,
2024-02-02 01:24:34,background_2024_02_02/dark_side_calibration,DARK_SIDE_CALIBRATION,
2024-02-02 01:25:04,background_2024_02_02/dark_side_calibration,DARK_SIDE_CALIBRATION,
2024-02-02 01:25:34,background_2024_02_02/dark_side_calibration,DARK_SIDE_CALIBRATION,
2024-02-02 01:26:04,background_2024_02_02/dark_side_calibration,DARK_SIDE_CALIBRATION,
2024-02-02 01:26:34,background_2024_02_02/dark_side_calibration,DARK_SIDE_CALIBRATION,
2024-02-02 01:27:04,background_2024_02_02/dark_side_calibration,DARK_SIDE_CALIBRATION,
2024-02-02 01:27:34,background_2024_02_02/dark_side_calibration,DARK_SIDE_CALIBRATION,
2024-02-02 01:28:04,background_2024_02_02,DO_SCIENCE,"S_HEMI,NIGHT"
2024-02-02 01:36:55,background_2024_02_02,STOP_SCIENCE,
2024-02-02 01:36:56,background_2024_02_02,DO_SCIENCE,"S_HEMI,DAY"
2024-02-02 01:47:58,background_2024_02_02,STOP_SCIENCE,
2024-02-02 01:47:59,background_2024_02_02,ADCS_YAW,-180
2024-02-02 01:52:59,background_2024_02_02,DO_SCIENCE,"S_HEMI,DAY"
2024-02-02 02:12:34,background_2024_02_02,STOP_SCIENCE,
2024-02-02 02:12:35,background_2024_02_02,ADCS_YAW,180
2024-02-02 02:17:35,background_2024_02_02,DO_SCIENCE,"N_HEMI,DAY"
2024-02-02 02:28:59,background_2024_02_02,STOP_SCIENCE,
2024-02-02 02:29:00,background_2024_02_02,RUN_SEQ,ASF_Sband_setup
2024-02-02 02:29:01,background_2024_02_02/ASF_Sband_setup,TX_POWER,"ON,XBAND"
2024-02-02 02:29:06,background_2024_02_02/ASF_Sband_setup,CLOSE_SCI_PRODUCTS,
2024-02-02 02:29:11,background_2024_02_02/ASF_Sband_setup,FLUSH_DL_BUFFERS,
2024-02-02 02:29:12,background_2024_02_02/ASF_Sband_setup,SET_VCDU,17
2024-02-02 02:29:13,background_2024_02_02/ASF_Sband_setup,SET_TLM_PROD_RATE,XBAND_DL
2024-02-02 02:29:14,background_2024_02_02/ASF_Sband_setup,SET_PLAYBACK_RATE,200_MBPS
2024-02-02 02:29:15,background_2024_02_02/ASF_Sband_setup,START_PLAYBACK,
2024-02-02 02:42:50,background_2024_02_02,RUN_SEQ,break_down_comm
2024-02-02 02:42:51,background_2024_02_02/break_down_comm,STOP_PLAYBACK,
2024-02-02 02:42:52,background_2024_02_02/break_down_comm,SET_TLM_PROD_RATE,NOMINAL_SCI
2024-02-02 02:42:53,background_2024_02_02/break_down_comm,TX_POWER,"OFF,XBAND"
2024-02-02 02:42:54,background_2024_02_02/break_down_comm,TX_POWER,"OFF,SBAND"
2024-02-02 02:43:00,background_2024_02_02,DO_SCIENCE,"N_HEMI,NIGHT"
2024-02-02 03:04:26,background_2024_02_02,STOP_SCIENCE,
2024-02-02 03:04:27,background_2024_02_02,DO_SCIENCE,"S_HEMI,NIGHT"
2024-02-02 03:15:48,background_2024_02_02,STOP_SCIENCE,
2024-02-02 03:15:49,background_2024_02_02,DO_SCIENCE,"S_HEMI,DAY"
2024-02-02 03:26:58,background_2024_02_02,STOP_SCIENCE,
2024-02-02 03:26:59,background_2024_02_02,ADCS_YAW,-180
2024-02-02 03:31:59,background_2024_02_02,DO_SCIENCE,"S_HEMI,DAY"
2024-02-02 03:51:28,background_2024_02_02,STOP_SCIENCE,
2024-02-02 03:51:29,background_2024_02_02,ADCS_YAW,180
2024-02-02 03:56:29,background_2024_02_02,DO_SCIENCE,"N_HEMI,DAY"
2024-02-02 04:18:29,background_2024_02_02,STOP_SCIENCE,
2024-02-02 04:19:58,background_2024_02_02,DO_SCIENCE,"N_HEMI,NIGHT"
2024-02-02 04:43:20,background_2024_02_02,STOP_SCIENCE,
2024-02-02 04:43:21,background_2024_02_02,DO_SCIENCE,"S_HEMI,NIGHT"
2024-02-02 04:54:42,background_2024_02_02,STOP_SCIENCE,
2024-02-02 04:54:43,background_2024_02_02,DO_SCIENCE,"S_HEMI,DAY"
2024-02-02 05:05:58,background_2024_02_02,STOP_SCIENCE,
2024-02-02 05:05:59,background_2024_02_02,ADCS_YAW,-180
2024-02-02 05:10:59,background_2024_02_02,DO_SCIENCE,"S_HEMI,DAY"
2024-02-02 05:30:21,background_2024_02_02,STOP_SCIENCE,
2024-02-02 05:30:22,background_2024_02_02,ADCS_YAW,180
2024-02-02 05:35:22,background_2024_02_02,DO_SCIENCE,"N_HEMI,DAY"
2024-02-02 05:57:29,background_2024_02_02,STOP_SCIENCE,
2024-02-02 05:58:52,background_2024_02_02,DO_SCIENCE,"N_HEMI,NIGHT"
2024-02-02 06:22:14,background_2024_02_02,STOP_SCIENCE,
2024-02-02 06:22:15,background_2024_02_02,DO_SCIENCE,"S_HEMI,NIGHT"
2024-02-02 06:33:36,background_2024_02_02,STOP_SCIENCE,
2024-02-02 06:33:37,background_2024_02_02,DO_SCIENCE,"S_HEMI,DAY"
2024-02-02 06:44:58,background_2024_02_02,STOP_SCIENCE,
2024-02-02 06:44:59,background_2024_02_02,ADCS_YAW,-180
2024-02-02 06:49:59,background_2024_02_02,DO_SCIENCE,"S_HEMI,DAY"
2024-02-02 07:09:15,background_2024_02_02,STOP_SCIENCE,
2024-02-02 07:09:16,background_2024_02_02,ADCS_YAW,180
2024-02-02 07:14:16,background_2024_02_02,DO_SCIENCE,"N_HEMI,DAY"
2024-02-02 07:33:59,background_2024_02_02,STOP_SCIENCE,
2024-02-02 07:34:00,background_2024_02_02,RUN_SEQ,ASF_Sband_setup
2024-02-02 07:34:01,background_2024_02_02/ASF_Sband_setup,TX_POWER,"ON,XBAND"
2024-02-02 07:34:06,background_2024_02_02/ASF_Sband_setup,CLOSE_SCI_PRODUCTS,
2024-02-02 07:34:11,background_2024_02_02/ASF_Sband_setup,FLUSH_DL_BUFFERS,
2024-02-02 07:34:12,background_2024_02_02/ASF_Sband_setup,SET_VCDU,17
2024-02-02 07:34:13,background_2024_02_02/ASF_Sband_setup,SET_TLM_PROD_RATE,XBAND_DL
2024-02-02 07:34:14,background_2024_02_02/ASF_Sband_setup,SET_PLAYBACK_RATE,200_MBPS
2024-02-02 07:34:15,background_2024_02_02/ASF_Sband_setup,START_PLAYBACK,
2024-02-02 07:47:50,background_2024_02_02,RUN_SEQ,break_down_comm
2024-02-02 07:47:51,background_2024_02_02/break_down_comm,STOP_PLAYBACK,
2024-02-02 07:47:52,background_2024_02_02/break_down_comm,SET_TLM_PROD_RATE,NOMINAL_SCI
2024-02-02 07:47:53,background_2024_02_02/break_down_comm,TX_POWER,"OFF,XBAND"
2024-02-02 07:47:54,background_2024_02_02/break_down_comm,TX_POWER,"OFF,SBAND"
2024-02-02 07:48:00,background_2024_02_02,DO_SCIENCE,"N_HEMI,NIGHT"
2024-02-02 08:01:08,background_2024_02_02,STOP_SCIENCE,
2024-02-02 08:01:09,background_2024_02_02,DO_SCIENCE,"S_HEMI,NIGHT"
2024-02-02 08:12:31,background_2024_02_02,STOP_SCIENCE,
2024-02-02 08:12:32,background_2024_02_02,DO_SCIENCE,"S_HEMI,DAY"
2024-02-02 08:22:59,background_2024_02_02,STOP_SCIENCE,
2024-02-02 08:23:00,background_2024_02_02,ADCS_YAW,-180
2024-02-02 08:28:00,background_2024_02_02,DO_SCIENCE,"S_HEMI,DAY"
2024-02-02 08:48:09,background_2024_02_02,STOP_SCIENCE,
2024-02-02 08:48:10,background_2024_02_02,ADCS_YAW,180
2024-02-02 08:55:00,background_2024_02_02,RUN_SEQ,WGS_Sband_setup
2024-02-02 08:55:01,background_2024_02_02/WGS_Sband_setup,TX_POWER,"ON,XBAND"
2024-02-02 08:55:06,background_2024_02_02/WGS_Sband_setup,CLOSE_SCI_PRODUCTS,
2024-02-02 08:55:11,background_2024_02_02/WGS_Sband_setup,FLUSH_DL_BUFFERS,
2024-02-02 08:55:12,background_2024_02_02/WGS_Sband_setup,SET_VCDU,17
2024-02-02 08:55:13,background_2024_02_02/WGS_Sband_setup,SET_TLM_PROD_RATE,XBAND_DL
2024-02-02 08:55:14,background_2024_02_02/WGS_Sband_setup,SET_PLAYBACK_RATE,200_MBPS
2024-02-02 08:55:15,background_2024_02_02/WGS_Sband_setup,START_PLAYBACK,
2024-02-02 09:08:50,background_2024_02_02,RUN_SEQ,break_down_comm
2024-02-02 09:08:51,background_2024_02_02/break_down_comm,STOP_PLAYBACK,
2024-02-02 09:08:52,background_2024_02_02/break_down_comm,SET_TLM_PROD_RATE,NOMINAL_SCI
2024-02-02 09:08:53,background_2024_02_02/break_down_comm,TX_POWER,"OFF,XBAND"
2024-02-02 09:08:54,background_2024_02_02/break_down_comm,TX_POWER,"OFF,SBAND"
2024-02-02 09:09:00,background_2024_02_02,DO_SCIENCE,"N_HEMI,DAY"
2024-02-02 09:13:59,background_2024_02_02,STOP_SCIENCE,
2024-02-02 09:14:00,background_2024_02_02,RUN_SEQ,ASF_Sband_setup
2024-02-02 09:14:01,background_2024_02_02/ASF_Sband_setup,TX_POWER,"ON,XBAND"
2024-02-02 09:14:06,background_2024_02_02/ASF_Sband_setup,CLOSE_SCI_PRODUCTS,
2024-02-02 09:14:11,background_2024_02_02/ASF_Sband_setup,FLUSH_DL_BUFFERS,
2024-02-02 09:14:12,background_2024_02_02/ASF_Sband_setup,SET_VCDU,17
2024-02-02 09:14:13,background_2024_02_02/ASF_Sband_setup,SET_TLM_PROD_RATE,XBAND_DL
2024-02-02 09:14:14,background_2024_02_02/ASF_Sband_setup,SET_PLAYBACK_RATE,200_MBPS
2024-02-02 09:14:15,background_2024_02_02/ASF_Sband_setup,START_PLAYBACK,
2024-02-02 09:28:50,background_2024_02_02,RUN_SEQ,break_down_comm
2024-02-02 09:28:51,background_2024_02_02/break_down_comm,STOP_PLAYBACK,
2024-02-02 09:28:52,background_2024_02_02/break_down_comm,SET_TLM_PROD_RATE,NOMINAL_SCI
2024-02-02 09:28:53,background_2024_02_02/break_down_comm,TX_POWER,"OFF,XBAND"
2024-02-02 09:28:54,background_2024_02_02/break_down_comm,TX_POWER,"OFF,SBAND"
2024-02-02 09:29:00,background_2024_02_02,DO_SCIENCE,"N_HEMI,NIGHT"
2024-02-02 09:40:02,background_2024_02_02,STOP_SCIENCE,
2024-02-02 09:40:03,background_2024_02_02,DO_SCIENCE,"S_HEMI,NIGHT"
2024-02-02 09:51:25,background_2024_02_02,STOP_SCIENCE,
2024-02-02 09:51:26,background_2024_02_02,DO_SCIENCE,"S_HEMI,DAY"
2024-02-02 10:01:59,background_2024_02_02,STOP_SCIENCE,
2024-02-02 10:02:00,background_2024_02_02,ADCS_YAW,-180
2024-02-02 10:07:00,background_2024_02_02,DO_SCIENCE,"S_HEMI,DAY"
2024-02-02 10:27:03,background_2024_02_02,STOP_SCIENCE,
2024-02-02 10:27:04,background_2024_02_02,ADCS_YAW,180
2024-02-02 10:32:04,background_2024_02_02,DO_SCIENCE,"N_HEMI,DAY"
2024-02-02 10:54:28,background_2024_02_02,STOP_SCIENCE,
2024-02-02 10:55:35,background_2024_02_02,DO_SCIENCE,"N_HEMI,NIGHT"
2024-02-02 11:18:55,background_2024_02_02,STOP_SCIENCE,
2024-02-02 11:18:56,background_2024_02_02,DO_SCIENCE,"S_HEMI,NIGHT"
2024-02-02 11:30:19,background_2024_02_02,STOP_SCIENCE,
2024-02-02 11:30:20,background_2024_02_02,DO_SCIENCE,"S_HEMI,DAY"
2024-02-02 11:40:59,background_2024_02_02,STOP_SCIENCE,
2024-02-02 11:41:00,background_2024_02_02,ADCS_YAW,-180
2024-02-02 11:46:00,background_2024_02_02,DO_SCIENCE,"S_HEMI,DAY"
2024-02-02 12:05:57,background_2024_02_02,STOP_SCIENCE,
2024-02-02 12:05:58,background_2024_02_02,ADCS_YAW,180
2024-02-02 12:10:58,background_2024_02_02,DO_SCIENCE,"N_HEMI,DAY"
2024-02-02 12:33:28,background_2024_02_02,STOP_SCIENCE,
2024-02-02 12:34:29,background_2024_02_02,DO_SCIENCE,"N_HEMI,NIGHT"
2024-02-02 12:55:19,background_2024_02_02,STOP_SCIENCE,
2024-02-02 12:55:20,background_2024_02_02,RUN_SEQ,dark_side_calibration
2024-02-02 12:55:20,background_2024_02_02/dark_side_calibration,DARK_SIDE_CALIBRATION,
2024-02-02 12:55:50,background_2024_02_02/dark_side_calibration,DARK_SIDE_CALIBRATION,
2024-02-02 12:56:20,background_2024_02_02/dark_side_calibration,DARK_SIDE_CALIBRATION,
2024-02-02 12:56:50,background_2024_02_02/dark_side_calibration,DARK_SIDE_CALIBRATION,
2024-02-02 12:57:20,background_2024_02_02/dark_side_calibration,DARK_SIDE_CALIBRATION,
2024-02-02 12:57:50,background_2024_02_02/dark_side_calibration,DARK_SIDE_CALIBRATION,
2024-02-02 12:58:20,background_2024_02_02/dark_side_calibration,DARK_SIDE_CALIBRATION,
2024-02-02 12:58:50,background_2024_02_02/dark_side_calibration,DARK_SIDE_CALIBRATION,
2024-02-02 12:59:20,background_2024_02_02/dark_side_calibration,DARK_SIDE_CALIBRATION,
2024-02-02 12:59:50,background_2024_02_02/dark_side_calibration,DARK_SIDE_CALIBRATION,
2024-02-02 13:00:20,background_2024_02_02,DO_SCIENCE,"S_HEMI,NIGHT"
2024-02-02 13:09:13,background_2024_02_02,STOP_SCIENCE,
2024-02-02 13:09:14,background_2024_02_02,DO_SCIENCE,"S_HEMI,DAY"
2024-02-02 13:19:59,background_2024_02_02,STOP_SCIENCE,
2024-02-02 13:20:00,background_2024_02_02,ADCS_YAW,-180
2024-02-02 13:25:00,background_2024_02_02,DO_SCIENCE,"S_HEMI,DAY"
2024-02-02 13:44:51,background_2024_02_02,STOP_SCIENCE,
2024-02-02 13:44:52,background_2024_02_02,ADCS_YAW,180
2024-02-02 13:49:52,background_2024_02_02,DO_SCIENCE,"N_HEMI,DAY"
2024-02-02 14:12:28,background_2024_02_02,STOP_SCIENCE,
2024-02-02 14:13:23,background_2024_02_02,DO_SCIENCE,"N_HEMI,NIGHT"
2024-02-02 14:36:43,background_2024_02_02,STOP_SCIENCE,
2024-02-02 14:36:44,background_2024_02_02,DO_SCIENCE,"S_HEMI,NIGHT"
2024-02-02 14:48:07,background_2024_02_02,STOP_SCIENCE,
2024-02-02 14:48:08,background_2024_02_02,DO_SCIENCE,"S_HEMI,DAY"
2024-02-02 14:58:58,background_2024_02_02,STOP_SCIENCE,
2024-02-02 14:58:59,background_2024_02_02,ADCS_YAW,-180
2024-02-02 15:03:59,background_2024_02_02,DO_SCIENCE,"S_HEMI,DAY"
2024-02-02 15:23:44,background_2024_02_02,STOP_SCIENCE,
2024-02-02 15:23:45,background_2024_02_02,ADCS_YAW,180
2024-02-02 15:28:45,background_2024_02_02,DO_SCIENCE,"N_HEMI,DAY"
2024-02-02 15:50:29,background_2024_02_02,STOP_SCIENCE,
2024-02-02 15:52:17,background_2024_02_02,DO_SCIENCE,"N_HEMI,NIGHT"
2024-02-02 16:15:37,background_2024_02_02,STOP_SCIENCE,
2024-02-02 16:15:38,background_2024_02_02,DO_SCIENCE,"S_HEMI,NIGHT"
2024-02-02 16:27:01,background_2024_02_02,STOP_SCIENCE,
2024-02-02 16:31:00,background_2024_02_02,RUN_SEQ,MCO_Sband_setup
2024-02-02 16:31:01,background_2024_02_02/MCO_Sband_setup,TX_POWER,"ON,XBAND"
2024-02-02 16:31:06,background_2024_02_02/MCO_Sband_setup,CLOSE_SCI_PRODUCTS,
2024-02-02 16:31:11,background_2024_02_02/MCO_Sband_setup,FLUSH_DL_BUFFERS,
2024-02-02 16:31:12,background_2024_02_02/MCO_Sband_setup,SET_VCDU,17
2024-02-02 16:31:13,background_2024_02_02/MCO_Sband_setup,SET_TLM_PROD_RATE,XBAND_DL
2024-02-02 16:31:14,background_2024_02_02/MCO_Sband_setup,SET_PLAYBACK_RATE,200_MBPS
2024-02-02 16:31:15,background_2024_02_02/MCO_Sband_setup,START_PLAYBACK,
2024-02-02 16:44:50,background_2024_02_02,RUN_SEQ,break_down_comm
2024-02-02 16:44:51,background_2024_02_02,ADCS_YAW,-180
2024-02-02 16:44:51,background_2024_02_02/break_down_comm,STOP_PLAYBACK,
2024-02-02 16:44:52,background_2024_02_02/break_down_comm,SET_TLM_PROD_RATE,NOMINAL_SCI
2024-02-02 16:44:53,background_2024_02_02/break_down_comm,TX_POWER,"OFF,XBAND"
2024-02-02 16:44:54,background_2024_02_02/break_down_comm,TX_POWER,"OFF,SBAND"
2024-02-02 16:45:00,background_2024_02_02,DO_SCIENCE,"S_HEMI,DAY"
2024-02-02 17:02:38,background_2024_02_02,STOP_SCIENCE,
2024-02-02 17:02:39,background_2024_02_02,ADCS_YAW,180
2024-02-02 17:07:39,background_2024_02_02,DO_SCIENCE,"N_HEMI,DAY"
2024-02-02 17:29:29,background_2024_02_02,STOP_SCIENCE,
2024-02-02 17:31:10,background_2024_02_02,DO_SCIENCE,"N_HEMI,NIGHT"
2024-02-02 17:54:30,background_2024_02_02,STOP_SCIENCE,
2024-02-02 17:54:31,background_2024_02_02,DO_SCIENCE,"S_HEMI,NIGHT"
2024-02-02 18:05:55,background_2024_02_02,STOP_SCIENCE,
2024-02-02 18:05:56,background_2024_02_02,DO_SCIENCE,"S_HEMI,DAY"
2024-02-02 18:10:59,background_2024_02_02,STOP_SCIENCE,
2024-02-02 18:11:00,background_2024_02_02,RUN_SEQ,MCO_Sband_setup
2024-02-02 18:11:01,background_2024_02_02/MCO_Sband_setup,TX_POWER,"ON,XBAND"
2024-02-02 18:11:06,background_2024_02_02/MCO_Sband_setup,CLOSE_SCI_PRODUCTS,
2024-02-02 18:11:11,background_2024_02_02/MCO_Sband_setup,FLUSH_DL_BUFFERS,
2024-02-02 18:11:12,background_2024_02_02/MCO_Sband_setup,SET_VCDU,17
2024-02-02 18:11:13,background_2024_02_02/MCO_Sband_setup,SET_TLM_PROD_RATE,XBAND_DL
2024-02-02 18:11:14,background_2024_02_02/MCO_Sband_setup,SET_PLAYBACK_RATE,200_MBPS
2024-02-02 18:11:15,background_2024_02_02/MCO_Sband_setup,START_PLAYBACK,
2024-02-02 18:24:50,background_2024_02_02,RUN_SEQ,break_down_comm
2024-02-02 18:24:51,background_2024_02_02,ADCS_YAW,-180
2024-02-02 18:24:51,background_2024_02_02/break_down_comm,STOP_PLAYBACK,
2024-02-02 18:24:52,background_2024_02_02/break_down_comm,SET_TLM_PROD_RATE,NOMINAL_SCI
2024-02-02 18:24:53,background_2024_02_02/break_down_comm,TX_POWER,"OFF,XBAND"
2024-02-02 18:24:54,background_2024_02_02/break_down_comm,TX_POWER,"OFF,SBAND"
2024-02-02 18:25:00,background_2024_02_02,DO_SCIENCE,"S_HEMI,DAY"
2024-02-02 18:41:32,background_2024_02_02,STOP_SCIENCE,
2024-02-02 18:41:33,background_2024_02_02,ADCS_YAW,180
2024-02-02 18:46:33,background_2024_02_02,DO_SCIENCE,"N_HEMI,DAY"
2024-02-02 19:08:29,background_2024_02_02,STOP_SCIENCE,
2024-02-02 19:10:04,background_2024_02_02,DO_SCIENCE,"N_HEMI,NIGHT"
2024-02-02 19:15:59,background_2024_02_02,STOP_SCIENCE,
2024-02-02 19:16:00,background_2024_02_02,RUN_SEQ,WGS_Sband_setup
2024-02-02 19:16:01,background_2024_02_02/WGS_Sband_setup,TX_POWER,"ON,XBAND"
2024-02-02 19:16:06,background_2024_02_02/WGS_Sband_setup,CLOSE_SCI_PRODUCTS,
2024-02-02 19:16:11,background_2024_02_02/WGS_Sband_setup,FLUSH_DL_BUFFERS,
2024-02-02 19:16:12,background_2024_02_02/WGS_Sband_setup,SET_VCDU,17
2024-02-02 19:16:13,background_2024_02_02/WGS_Sband_setup,SET_TLM_PROD_RATE,XBAND_DL
2024-02-02 19:16:14,background_2024_02_02/WGS_Sband_setup,SET_PLAYBACK_RATE,200_MBPS
2024-02-02 19:16:15,background_2024_02_02/WGS_Sband_setup,START_PLAYBACK,
2024-02-02 19:29:50,background_2024_02_02,RUN_SEQ,break_down_comm
2024-02-02 19:29:51,background_2024_02_02/break_down_comm,STOP_PLAYBACK,
2024-02-02 19:29:52,background_2024_02_02/break_down_comm,SET_TLM_PROD_RATE,NOMINAL_SCI
2024-02-02 19:29:53,background_2024_02_02/break_down_comm,TX_POWER,"OFF,XBAND"
2024-02-02 19:29:54,background_2024_02_02/break_down_comm,TX_POWER,"OFF,SBAND"
2024-02-02 19:33:25,background_2024_02_02,DO_SCIENCE,"S_HEMI,NIGHT"
2024-02-02 19:44:49,background_2024_02_02,STOP_SCIENCE,
2024-02-02 19:44:50,background_2024_02_02,DO_SCIENCE,"S_HEMI,DAY"
2024-02-02 19:50:59,background_2024_02_02,STOP_SCIENCE,
2024-02-02 19:51:00,background_2024_02_02,RUN_SEQ,MCO_Sband_setup
2024-02-02 19:51:01,background_2024_02_02/MCO_Sband_setup,TX_POWER,"ON,XBAND"
2024-02-02 19:51:06,background_2024_02_02/MCO_Sband_setup,CLOSE_SCI_PRODUCTS,
2024-02-02 19:51:11,background_2024_02_02/MCO_Sband_setup,FLUSH_DL_BUFFERS,
2024-02-02 19:51:12,background_2024_02_02/MCO_Sband_setup,SET_VCDU,17
2024-02-02 19:51:13,background_2024_02_02/MCO_Sband_setup,SET_TLM_PROD_RATE,XBAND_DL
2024-02-02 19:51:14,background_2024_02_02/MCO_Sband_setup,SET_PLAYBACK_RATE,200_MBPS
2024-02-02 19:51:15,background_2024_02_02/MCO_Sband_setup,START_PLAYBACK,
2024-02-02 20:05:50,background_2024_02_02,RUN_SEQ,break_down_comm
2024-02-02 20:05:51,background_2024_02_02,ADCS_YAW,-180
2024-02-02 20:05:51,background_2024_02_02/break_down_comm,STOP_PLAYBACK,
2024-02-02 20:05:52,background_2024_02_02/break_down_comm,SET_TLM_PROD_RATE,NOMINAL_SCI
2024-02-02 20:05:53,background_2024_02_02/break_down_comm,TX_POWER,"OFF,XBAND"
2024-02-02 20:05:54,background_2024_02_02/break_down_comm,TX_POWER,"OFF,SBAND"
2024-02-02 20:06:00,background_2024_02_02,DO_SCIENCE,"S_HEMI,DAY"
2024-02-02 20:20:25,background_2024_02_02,STOP_SCIENCE,
2024-02-02 20:20:26,background_2024_02_02,ADCS_YAW,180
2024-02-02 20:25:26,background_2024_02_02,DO_SCIENCE,"N_HEMI,DAY"
2024-02-02 20:47:29,background_2024_02_02,STOP_SCIENCE,
2024-02-02 20:48:58,background_2024_02_02,DO_SCIENCE,"N_HEMI,NIGHT"
2024-02-02 21:12:18,background_2024_02_02,STOP_SCIENCE,
2024-02-02 21:12:19,background_2024_02_02,DO_SCIENCE,"S_HEMI,NIGHT"
2024-02-02 21:23:43,background_2024_02_02,STOP_SCIENCE,
2024-02-02 21:23:44,background_2024_02_02,DO_SCIENCE,"S_HEMI,DAY"
2024-02-02 21:30:59,background_2024_02_02,STOP_SCIENCE,
2024-02-02 21:31:00,background_2024_02_02,RUN_SEQ,MCO_Sband_setup
2024-02-02 21:31:01,background_2024_02_02/MCO_Sband_setup,TX_POWER,"ON,XBAND"
2024-02-02 21:31:06,background_2024_02_02/MCO_Sband_setup,CLOSE_SCI_PRODUCTS,
2024-02-02 21:31:11,background_2024_02_02/MCO_Sband_setup,FLUSH_DL_BUFFERS,
2024-02-02 21:31:12,background_2024_02_02/MCO_Sband_setup,SET_VCDU,17
2024-02-02 21:31:13,background_2024_02_02/MCO_Sband_setup,SET_TLM_PROD_RATE,XBAND_DL
2024-02-02 21:31:14,background_2024_02_02/MCO_Sband_setup,SET_PLAYBACK_RATE,200_MBPS
2024-02-02 21:31:15,background_2024_02_02/MCO_Sband_setup,START_PLAYBACK,
2024-02-02 21:45:50,background_2024_02_02,RUN_SEQ,break_down_comm
2024-02-02 21:45:51,background_2024_02_02,ADCS_YAW,-180
2024-02-02 21:45:51,background_2024_02_02/break_down_comm,STOP_PLAYBACK,
2024-02-02 21:45:52,background_2024_02_02/break_down_comm,SET_TLM_PROD_RATE,NOMINAL_SCI
2024-02-02 21:45:53,background_2024_02_02/break_down_comm,TX_POWER,"OFF,XBAND"
2024-02-02 21:45:54,background_2024_02_02/break_down_comm,TX_POWER,"OFF,SBAND"
2024-02-02 21:46:00,background_2024_02_02,DO_SCIENCE,"S_HEMI,DAY"
2024-02-02 21:59:19,background_2024_02_02,STOP_SCIENCE,
2024-02-02 21:59:20,background_2024_02_02,ADCS_YAW,180
2024-02-02 22:04:20,background_2024_02_02,DO_SCIENCE,"N_HEMI,DAY"
2024-02-02 22:26:29,background_2024_02_02,STOP_SCIENCE,
2024-02-02 22:27:52,background_2024_02_02,DO_SCIENCE,"N_HEMI,NIGHT"
2024-02-02 22:51:11,background_2024_02_02,STOP_SCIENCE,
2024-02-02 22:51:12,background_2024_02_02,DO_SCIENCE,"S_HEMI,NIGHT"
2024-02-02 23:02:37,background_2024_02_02,STOP_SCIENCE,
2024-02-02 23:02:38,background_2024_02_02,DO_SCIENCE,"S_HEMI,DAY"
2024-02-02 23:11:59,background_2024_02_02,STOP_SCIENCE,
2024-02-02 23:12:00,background_2024_02_02,RUN_SEQ,MCO_Sband_setup
2024-02-02 23:12:01,background_2024_02_02/MCO_Sband_setup,TX_POWER,"ON,XBAND"
2024-02-02 23:12:06,background_2024_02_02/MCO_Sband_setup,CLOSE_SCI_PRODUCTS,
2024-02-02 23:12:11,background_2024_02_02/MCO_Sband_setup,FLUSH_DL_BUFFERS,
2024-02-02 23:12:12,background_2024_02_02/MCO_Sband_setup,SET_VCDU,17
2024-02-02 23:12:13,background_2024_02_02/MCO_Sband_setup,SET_TLM_PROD_RATE,XBAND_DL
2024-02-02 23:12:14,background_2024_02_02/MCO_Sband_setup,SET_PLAYBACK_RATE,200_MBPS
2024-02-02 23:12:15,background_2024_02_02/MCO_Sband_setup,START_PLAYBACK,
2024-02-02 23:25:50,background_2024_02_02,RUN_SEQ,break_down_comm
2024-02-02 23:25:51,background_2024_02_02,ADCS_YAW,-180
2024-02-02 23:25:51,background_2024_02_02/break_down_comm,STOP_PLAYBACK,
2024-02-02 23:25:52,background_2024_02_02/break_down_comm,SET_TLM_PROD_RATE,NOMINAL_SCI
2024-02-02 23:25:53,background_2024_02_02/break_down_comm,TX_POWER,"OFF,XBAND"
2024-02-02 23:25:54,background_2024_02_02/break_down_comm,TX_POWER,"OFF,SBAND"
2024-02-02 23:26:00,background_2024_02_02,DO_SCIENCE,"S_HEMI,DAY"
2024-02-02 23:38:13,background_2024_02_02,STOP_SCIENCE,
2024-02-02 23:38:14,background_2024_02_02,ADCS_YAW,180
2024-02-02 23:43:14,background_2024_02_02,DO_SCIENCE,"N_HEMI,DAY"
2024-02-02 23:51:59,background_2024_02_02,STOP_SCIENCE,
2024-02-02 23:52:00,background_2024_02_02,RUN_SEQ,ASF_Sband_setup
2024-02-02 23:52:01,background_2024_02_02/ASF_Sband_setup,TX_POWER,"ON,XBAND"
2024-02-02 23:52:06,background_2024_02_02/ASF_Sband_setup,CLOSE_SCI_PRODUCTS,
2024-02-02 23:52:11,background_2024_02_02/ASF_Sband_setup,FLUSH_DL_BUFFERS,
2024-02-02 23:52:12,background_2024_02_02/ASF_Sband_setup,SET_VCDU,17
2024-02-02 23:52:13,background_2024_02_02/ASF_Sband_setup,SET_TLM_PROD_RATE,XBAND_DL
2024-02-02 23:52:14,background_2024_02_02/ASF_Sband_setup,SET_PLAYBACK_RATE,200_MBPS
2024-02-02 23:52:15,background_2024_02_02/ASF_Sband_setup,START_PLAYBACK,
2024-02-03 00:05:50,background_2024_02_02,RUN_SEQ,break_down_comm
2024-02-03 00:05:51,background_2024_02_02/break_down_comm,STOP_PLAYBACK,
2024-02-03 00:05:52,background_2024_02_02/break_down_comm,SET_TLM_PROD_RATE,NOMINAL_SCI
2024-02-03 00:05:53,background_2024_02_02/break_down_comm,TX_POWER,"OFF,XBAND"
2024-02-03 00:05:54,background_2024_02_02/break_down_comm,TX_POWER,"OFF,SBAND"
2024-02-03 00:06:46,background_2024_02_02,DO_SCIENCE,"N_HEMI,NIGHT"
2024-02-03 00:27:35,background_2024_02_02,STOP_SCIENCE,
2024-02-03 00:27:36,background_2024_02_02,RUN_SEQ,dark_side_calibration
2024-02-03 00:27:36,background_2024_02_02/dark_side_calibration,DARK_SIDE_CALIBRATION,
2024-02-03 00:28:06,background_2024_02_02/dark_side_calibration,DARK_SIDE_CALIBRATION,
2024-02-03 00:28:36,background_2024_02_02/dark_side_calibration,DARK_SIDE_CALIBRATION,
2024-02-03 00:29:06,background_2024_02_02/dark_side_calibration,DARK_SIDE_CALIBRATION,
2024-02-03 00:29:36,background_2024_02_02/dark_side_calibration,DARK_SIDE_CALIBRATION,
2024-02-03 00:30:06,background_2024_02_02/dark_side_calibration,DARK_SIDE_CALIBRATION,
2024-02-03 00:30:36,background_2024_02_02/dark_side_calibration,DARK_SIDE_CALIBRATION,
2024-02-03 00:31:06,background_2024_02_02/dark_side_calibration,DARK_SIDE_CALIBRATION,
2024-02-03 00:31:36,background_2024_02_02/dark_side_calibration,DARK_SIDE_CALIBRATION,
2024-02-03 00:32:06,background_2024_02_02/dark_side_calibration,DARK_SIDE_CALIBRATION,
2024-02-03 00:32:36,background_2024_02_02,DO_SCIENCE,"S_HEMI,NIGHT"
2024-02-03 00:41:31,background_2024_02_02,STOP_SCIENCE,
2024-02-03 00:41:32,background_2024_02_02,DO_SCIENCE,"S_HEMI,DAY"
2024-02-03 00:51:59,background_2024_02_02,STOP_SCIENCE,
2024-02-03 00:52:00,background_2024_02_02,RUN_SEQ,MCO_Sband_setup
2024-02-03 00:52:01,background_2024_02_02/MCO_Sband_setup,TX_POWER,"ON,XBAND"
2024-02-03 00:52:06,background_2024_02_02/MCO_Sband_setup,CLOSE_SCI_PRODUCTS,
2024-02-03 00:52:11,background_2024_02_02/MCO_Sband_setup,FLUSH_DL_BUFFERS,
2024-02-03 00:52:12,background_2024_02_02/MCO_Sband_setup,SET_VCDU,17
2024-02-03 00:52:13,background_2024_02_02/MCO_Sband_setup,SET_TLM_PROD_RATE,XBAND_DL
2024-02-03 00:52:14,background_2024_02_02/MCO_Sband_setup,SET_PLAYBACK_RATE,200_MBPS
2024-02-03 00:52:15,background_2024_02_02/MCO_Sband_setup,START_PLAYBACK,
2024-02-03 01:04:50,background_2024_02_02,RUN_SEQ,break_down_comm
2024-02-03 01:04:51,background_2024_02_02,ADCS_YAW,-180
2024-02-03 01:04:51,background_2024_02_02/break_down_comm,STOP_PLAYBACK,
2024-02-03 01:04:52,background_2024_02_02/break_down_comm,SET_TLM_PROD_RATE,NOMINAL_SCI
2024-02-03 01:04:53,background_2024_02_02/break_down_comm,TX_POWER,"OFF,XBAND"
2024-02-03 01:04:54,background_2024_02_02/break_down_comm,TX_POWER,"OFF,SBAND"
2024-02-03 01:05:00,background_2024_02_02,DO_SCIENCE,"S_HEMI,DAY"
2024-02-03 01:17:06,background_2024_02_02,STOP_SCIENCE,
2024-02-03 01:17:07,background_2024_02_02,ADCS_YAW,180
2024-02-03 01:22:07,background_2024_02_02,DO_SCIENCE,"N_HEMI,DAY"
2024-02-03 01:31:59,background_2024_02_02,STOP_SCIENCE,
2024-02-03 01:32:00,background_2024_02_02,RUN_SEQ,ASF_Sband_setup
2024-02-03 01:32:01,background_2024_02_02/ASF_Sband_setup,TX_POWER,"ON,XBAND"
2024-02-03 01:32:06,background_2024_02_02/ASF_Sband_setup,CLOSE_SCI_PRODUCTS,
2024-02-03 01:32:11,background_2024_02_02/ASF_Sband_setup,FLUSH_DL_BUFFERS,
2024-02-03 01:32:12,background_2024_02_02/ASF_Sband_setup,SET_VCDU,17
2024-02-03 01:32:13,background_2024_02_02/ASF_Sband_setup,SET_TLM_PROD_RATE,XBAND_DL
2024-02-03 01:32:14,background_2024_02_02/ASF_Sband_setup,SET_PLAYBACK_RATE,200_MBPS
2024-02-03 01:32:15,background_2024_02_02/ASF_Sband_setup,START_PLAYBACK,
2024-02-03 01:45:50,background_2024_02_02,RUN_SEQ,break_down_comm
2024-02-03 01:45:51,background_2024_02_02/break_down_comm,STOP_PLAYBACK,
2024-02-03 01:45:52,background_2024_02_02/break_down_comm,SET_TLM_PROD_RATE,NOMINAL_SCI
2024-02-03 01:45:53,background_2024_02_02/break_down_comm,TX_POWER,"OFF,XBAND"
2024-02-03 01:45:54,background_2024_02_02/break_down_comm,TX_POWER,"OFF,SBAND"
2024-02-03 01:46:00,background_2024_02_02,DO_SCIENCE,"N_HEMI,NIGHT"
2024-02-03 02:08:59,background_2024_02_02,STOP_SCIENCE,
2024-02-03 02:09:00,background_2024_02_02,DO_SCIENCE,"S_HEMI,NIGHT"
2024-02-03 02:20:25,background_2024_02_02,STOP_SCIENCE,
2024-02-03 02:20:26,background_2024_02_02,DO_SCIENCE,"S_HEMI,DAY"
2024-02-03 02:30:59,background_2024_02_02,STOP_SCIENCE,
2024-02-03 02:31:00,background_2024_02_02,ADCS_YAW,-180
2024-02-03 02:36:00,background_2024_02_02,DO_SCIENCE,"S_HEMI,DAY"
2024-02-03 02:56:00,background_2024_02_02,STOP_SCIENCE,
2024-02-03 02:56:01,background_2024_02_02,ADCS_YAW,180
2024-02-03 03:01:01,background_2024_02_02,DO_SCIENCE,"N_HEMI,DAY"
2024-02-03 03:12:59,background_2024_02_02,STOP_SCIENCE,
2024-02-03 03:13:00,background_2024_02_02,RUN_SEQ,ASF_Sband_setup
2024-02-03 03:13:01,background_2024_02_02/ASF_Sband_setup,TX_POWER,"ON,XBAND"
2024-02-03 03:13:06,background_2024_02_02/ASF_Sband_setup,CLOSE_SCI_PRODUCTS,
2024-02-03 03:13:11,background_2024_02_02/ASF_Sband_setup,FLUSH_DL_BUFFERS,
2024-02-03 03:13:12,background_2024_02_02/ASF_Sband_setup,SET_VCDU,17
2024-02-03 03:13:13,background_2024_02_02/ASF_Sband_setup,SET_TLM_PROD_RATE,XBAND_DL
2024-02-03 03:13:14,background_2024_02_02/ASF_Sband_setup,SET_PLAYBACK_RATE,200_MBPS
2024-02-03 03:13:15,background_2024_02_02/ASF_Sband_setup,START_PLAYBACK,
2024-02-03 03:26:50,background_2024_02_02,RUN_SEQ,break_down_comm
2024-02-03 03:26:51,background_2024_02_02/break_down_comm,STOP_PLAYBACK,
2024-02-03 03:26:52,background_2024_02_02/break_down_comm,SET_TLM_PROD_RATE,NOMINAL_SCI
2024-02-03 03:26:53,background_2024_02_02/break_down_comm,TX_POWER,"OFF,XBAND"
2024-02-03 03:26:54,background_2024_02_02/break_down_comm,TX_POWER,"OFF,SBAND"
2024-02-03 03:27:00,background_2024_02_02,DO_SCIENCE,"N_HEMI,NIGHT"
2024-02-03 03:47:52,background_2024_02_02,STOP_SCIENCE,
2024-02-03 03:47:53,background_2024_02_02,DO_SCIENCE,"S_HEMI,NIGHT"
2024-02-03 03:59:19,background_2024_02_02,STOP_SCIENCE,
2024-02-03 03:59:20,background_2024_02_02,DO_SCIENCE,"S_HEMI,DAY"
2024-02-03 04:09:59,background_2024_02_02,STOP_SCIENCE,
2024-02-03 04:10:00,background_2024_02_02,ADCS_YAW,-180
2024-02-03 04:15:00,background_2024_02_02,DO_SCIENCE,"S_HEMI,DAY"
2024-02-03 04:34:54,background_2024_02_02,STOP_SCIENCE,
2024-02-03 04:34:55,background_2024_02_02,ADCS_YAW,180
2024-02-03 04:39:55,background_2024_02_02,DO_SCIENCE,"N_HEMI,DAY"
2024-02-03 05:02:28,background_2024_02_02,STOP_SCIENCE,
2024-02-03 05:03:28,background_2024_02_02,DO_SCIENCE,"N_HEMI,NIGHT"
2024-02-03 05:26:46,background_2024_02_02,STOP_SCIENCE,
2024-02-03 05:26:47,background_2024_02_02,DO_SCIENCE,"S_HEMI,NIGHT"
2024-02-03 05:38:13,background_2024_02_02,STOP_SCIENCE,
2024-02-03 05:38:14,background_2024_02_02,DO_SCIENCE,"S_HEMI,DAY"
2024-02-03 05:48:59,background_2024_02_02,STOP_SCIENCE,
2024-02-03 05:49:00,background_2024_02_02,ADCS_YAW,-180
2024-02-03 05:54:00,background_2024_02_02,DO_SCIENCE,"S_HEMI,DAY"
2024-02-03 06:13:47,background_2024_02_02,STOP_SCIENCE,
2024-02-03 06:13:48,background_2024_02_02,ADCS_YAW,180
2024-02-03 06:18:48,background_2024_02_02,DO_SCIENCE,"N_HEMI,DAY"
2024-02-03 06:41:28,background_2024_02_02,STOP_SCIENCE,
2024-02-03 06:42:22,background_2024_02_02,DO_SCIENCE,"N_HEMI,NIGHT"
2024-02-03 07:05:40,background_2024_02_02,STOP_SCIENCE,
2024-02-03 07:05:41,background_2024_02_02,DO_SCIENCE,"S_HEMI,NIGHT"
2024-02-03 07:17:07,background_2024_02_02,STOP_SCIENCE,
2024-02-03 07:17:08,background_2024_02_02,DO_SCIENCE,"S_HEMI,DAY"
2024-02-03 07:27:58,background_2024_02_02,STOP_SCIENCE,
2024-02-03 07:27:59,background_2024_02_02,ADCS_YAW,-180
2024-02-03 07:32:59,background_2024_02_02,DO_SCIENCE,"S_HEMI,DAY"
2024-02-03 07:52:41,background_2024_02_02,STOP_SCIENCE,
2024-02-03 07:52:42,background_2024_02_02,ADCS_YAW,180
2024-02-03 07:57:42,background_2024_02_02,DO_SCIENCE,"N_HEMI,DAY"
2024-02-03 08:17:59,background_2024_02_02,STOP_SCIENCE,
2024-02-03 08:18:00,background_2024_02_02,RUN_SEQ,ASF_Sband_setup
2024-02-03 08:18:01,background_2024_02_02/ASF_Sband_setup,TX_POWER,"ON,XBAND"
2024-02-03 08:18:06,background_2024_02_02/ASF_Sband_setup,CLOSE_SCI_PRODUCTS,
2024-02-03 08:18:11,background_2024_02_02/ASF_Sband_setup,FLUSH_DL_BUFFERS,
2024-02-03 08:18:12,background_2024_02_02/ASF_Sband_setup,SET_VCDU,17
2024-02-03 08:18:13,background_2024_02_02/ASF_Sband_setup,SET_TLM_PROD_RATE,XBAND_DL
2024-02-03 08:18:14,background_2024_02_02/ASF_Sband_setup,SET_PLAYBACK_RATE,200_MBPS
2024-02-03 08:18:15,background_2024_02_02/ASF_Sband_setup,START_PLAYBACK,
2024-02-03 08:31:50,background_2024_02_02,RUN_SEQ,break_down_comm
2024-02-03 08:31:51,background_2024_02_02/break_down_comm,STOP_PLAYBACK,
2024-02-03 08:31:52,background_2024_02_02/break_down_comm,SET_TLM_PROD_RATE,NOMINAL_SCI
2024-02-03 08:31:53,background_2024_02_02/break_down_comm,TX_POWER,"OFF,XBAND"
2024-02-03 08:31:54,background_2024_02_02/break_down_comm,TX_POWER,"OFF,SBAND"
2024-02-03 08:32:00,background_2024_02_02,DO_SCIENCE,"N_HEMI,NIGHT"
2024-02-03 08:44:33,background_2024_02_02,STOP_SCIENCE,
2024-02-03 08:44:34,background_2024_02_02,DO_SCIENCE,"S_HEMI,NIGHT"
2024-02-03 08:56:00,background_2024_02_02,STOP_SCIENCE,
2024-02-03 08:56:01,background_2024_02_02,DO_SCIENCE,"S_HEMI,DAY"
2024-02-03 09:06:58,background_2024_02_02,STOP_SCIENCE,
2024-02-03 09:06:59,background_2024_02_02,ADCS_YAW,-180
2024-02-03 09:11:59,background_2024_02_02,DO_SCIENCE,"S_HEMI,DAY"
2024-02-03 09:31:35,background_2024_02_02,STOP_SCIENCE,
2024-02-03 09:31:36,background_2024_02_02,ADCS_YAW,180
2024-02-03 09:39:00,background_2024_02_02,RUN_SEQ,WGS_Sband_setup
2024-02-03 09:39:01,background_2024_02_02/WGS_Sband_setup,TX_POWER,"ON,XBAND"
2024-02-03 09:39:06,background_2024_02_02/WGS_Sband_setup,CLOSE_SCI_PRODUCTS,
2024-02-03 09:39:11,background_2024_02_02/WGS_Sband_setup,FLUSH_DL_BUFFERS,
2024-02-03 09:39:12,background_2024_02_02/WGS_Sband_setup,SET_VCDU,17
2024-02-03 09:39:13,background_2024_02_02/WGS_Sband_setup,SET_TLM_PROD_RATE,XBAND_DL
2024-02-03 09:39:14,background_2024_02_02/WGS_Sband_setup,SET_PLAYBACK_RATE,200_MBPS
2024-02-03 09:39:15,background_2024_02_02/WGS_Sband_setup,START_PLAYBACK,
2024-02-03 09:52:50,background_2024_02_02,RUN_SEQ,break_down_comm
2024-02-03 09:52:51,background_2024_02_02/break_down_comm,STOP_PLAYBACK,
2024-02-03 09:52:52,background_2024_02_02/break_down_comm,SET_TLM_PROD_RATE,NOMINAL_SCI
2024-02-03 09:52:53,background_2024_02_02/break_down_comm,TX_POWER,"OFF,XBAND"
2024-02-03 09:52:54,background_2024_02_02/break_down_comm,TX_POWER,"OFF,SBAND"
2024-02-03 09:53:00,background_2024_02_02,DO_SCIENCE,"N_HEMI,DAY"
2024-02-03 09:58:29,background_2024_02_02,STOP_SCIENCE,
2024-02-03 09:59:00,background_2024_02_02,RUN_SEQ,ASF_Sband_setup
2024-02-03 09:59:01,background_2024_02_02/ASF_Sband_setup,TX_POWER,"ON,XBAND"
2024-02-03 09:59:06,background_2024_02_02/ASF_Sband_setup,CLOSE_SCI_PRODUCTS,
2024-02-03 09:59:11,background_2024_02_02/ASF_Sband_setup,FLUSH_DL_BUFFERS,
2024-02-03 09:59:12,background_2024_02_02/ASF_Sband_setup,SET_VCDU,17
2024-02-03 09:59:13,background_2024_02_02/ASF_Sband_setup,SET_TLM_PROD_RATE,XBAND_DL
2024-02-03 09:59:14,background_2024_02_02/ASF_Sband_setup,SET_PLAYBACK_RATE,200_MBPS
2024-02-03 09:59:15,background_2024_02_02/ASF_Sband_setup,START_PLAYBACK,
2024-02-03 10:12:50,background_2024_02_02,RUN_SEQ,break_down_comm
2024-02-03 10:12:51,background_2024_02_02/break_down_comm,STOP_PLAYBACK,
2024-02-03 10:12:52,background_2024_02_02/break_down_comm,SET_TLM_PROD_RATE,NOMINAL_SCI
2024-02-03 10:12:53,background_2024_02_02/break_down_comm,TX_POWER,"OFF,XBAND"
2024-02-03 10:12:54,background_2024_02_02/break_down_comm,TX_POWER,"OFF,SBAND"
2024-02-03 10:13:00,background_2024_02_02,DO_SCIENCE,"N_HEMI,NIGHT"
2024-02-03 10:23:27,background_2024_02_02,STOP_SCIENCE,
2024-02-03 10:23:28,background_2024_02_02,DO_SCIENCE,"S_HEMI,NIGHT"
2024-02-03 10:34:54,background_2024_02_02,STOP_SCIENCE,
2024-02-03 10:34:55,background_2024_02_02,DO_SCIENCE,"S_HEMI,DAY"
2024-02-03 10:45:58,background_2024_02_02,STOP_SCIENCE,
2024-02-03 10:45:59,background_2024_02_02,ADCS_YAW,-180
2024-02-03 10:50:59,background_2024_02_02,DO_SCIENCE,"S_HEMI,DAY"
2024-02-03 11:10:29,background_2024_02_02,STOP_SCIENCE,
2024-02-03 11:10:30,background_2024_02_02,ADCS_YAW,180
2024-02-03 11:15:30,background_2024_02_02,DO_SCIENCE,"N_HEMI,DAY"
2024-02-03 11:37:29,background_2024_02_02,STOP_SCIENCE,
2024-02-03 11:39:04,background_2024_02_02,DO_SCIENCE,"N_HEMI,NIGHT"
2024-02-03 11:59:51,background_2024_02_02,STOP_SCIENCE,
2024-02-03 11:59:52,background_2024_02_02,RUN_SEQ,dark_side_calibration
2024-02-03 11:59:52,background_2024_02_02/dark_side_calibration,DARK_SIDE_CALIBRATION,
2024-02-03 12:00:22,background_2024_02_02/dark_side_calibration,DARK_SIDE_CALIBRATION,
2024-02-03 12:00:52,background_2024_02_02/dark_side_calibration,DARK_SIDE_CALIBRATION,
2024-02-03 12:01:22,background_2024_02_02/dark_side_calibration,DARK_SIDE_CALIBRATION,
2024-02-03 12:01:52,background_2024_02_02/dark_side_calibration,DARK_SIDE_CALIBRATION,
2024-02-03 12:02:22,background_2024_02_02/dark_side_calibration,DARK_SIDE_CALIBRATION,
2024-02-03 12:02:52,background_2024_02_02/dark_side_calibration,DARK_SIDE_CALIBRATION,
2024-02-03 12:03:22,background_2024_02_02/dark_side_calibration,DARK_SIDE_CALIBRATION,
2024-02-03 12:03:52,background_2024_02_02/dark_side_calibration,DARK_SIDE_CALIBRATION,
2024-02-03 12:04:22,background_2024_02_02/dark_side_calibration,DARK_SIDE_CALIBRATION,
2024-02-03 12:04:52,background_2024_02_02,DO_SCIENCE,"S_HEMI,NIGHT"
2024-02-03 12:13:48,background_2024_02_02,STOP_SCIENCE,
2024-02-03 12:13:49,background_2024_02_02,DO_SCIENCE,"S_HEMI,DAY"
2024-02-03 12:24:58,background_2024_02_02,STOP_SCIENCE,
2024-02-03 12:24:59,background_2024_02_02,ADCS_YAW,-180
2024-02-03 12:29:59,background_2024_02_02,DO_SCIENCE,"S_HEMI,DAY"
2024-02-03 12:49:22,background_2024_02_02,STOP_SCIENCE,
2024-02-03 12:49:23,background_2024_02_02,ADCS_YAW,180
2024-02-03 12:54:23,background_2024_02_02,DO_SCIENCE,"N_HEMI,DAY"
2024-02-03 13:16:29,background_2024_02_02,STOP_SCIENCE,
2024-02-03 13:17:58,background_2024_02_02,DO_SCIENCE,"N_HEMI,NIGHT"
2024-02-03 13:41:15,background_2024_02_02,STOP_SCIENCE,
2024-02-03 13:41:16,background_2024_02_02,DO_SCIENCE,"S_HEMI,NIGHT"
2024-02-03 13:52:42,background_2024_02_02,STOP_SCIENCE,
2024-02-03 13:52:43,background_2024_02_02,DO_SCIENCE,"S_HEMI,DAY"
2024-02-03 14:03:58,background_2024_02_02,STOP_SCIENCE,
2024-02-03 14:03:59,background_2024_02_02,ADCS_YAW,-180
2024-02-03 14:08:59,background_2024_02_02,DO_SCIENCE,"S_HEMI,DAY"
2024-02-03 14:28:16,background_2024_02_02,STOP_SCIENCE,
2024-02-03 14:28:17,background_2024_02_02,ADCS_YAW,180
2024-02-03 14:33:17,background_2024_02_02,DO_SCIENCE,"N_HEMI,DAY"
2024-02-03 14:55:28,background_2024_02_02,STOP_SCIENCE,
2024-02-03 14:56:52,background_2024_02_02,DO_SCIENCE,"N_HEMI,NIGHT"
2024-02-03 15:20:08,background_2024_02_02,STOP_SCIENCE,
2024-02-03 15:20:09,background_2024_02_02,DO_SCIENCE,"S_HEMI,NIGHT"
2024-02-03 15:31:36,background_2024_02_02,STOP_SCIENCE,
2024-02-03 15:31:37,background_2024_02_02,DO_SCIENCE,"S_HEMI,DAY"
2024-02-03 15:41:59,background_2024_02_02,STOP_SCIENCE,
2024-02-03 15:42:00,background_2024_02_02,ADCS_YAW,-180
2024-02-03 15:47:00,background_2024_02_02,DO_SCIENCE,"S_HEMI,DAY"
2024-02-03 16:07:10,background_2024_02_02,STOP_SCIENCE,
2024-02-03 16:07:11,background_2024_02_02,ADCS_YAW,180
2024-02-03 16:12:11,background_2024_02_02,DO_SCIENCE,"N_HEMI,DAY"
2024-02-03 16:34:28,background_2024_02_02,STOP_SCIENCE,
2024-02-03 16:35:46,background_2024_02_02,DO_SCIENCE,"N_HEMI,NIGHT"
2024-02-03 16:59:02,background_2024_02_02,STOP_SCIENCE,
2024-02-03 16:59:03,background_2024_02_02,DO_SCIENCE,"S_HEMI,NIGHT"
2024-02-03 17:10:30,background_2024_02_02,STOP_SCIENCE,
2024-02-03 17:15:00,background_2024_02_02,RUN_SEQ,MCO_Sband_setup
2024-02-03 17:15:01,background_2024_02_02/MCO_Sband_setup,TX_POWER,"ON,XBAND"
2024-02-03 17:15:06,background_2024_02_02/MCO_Sband_setup,CLOSE_SCI_PRODUCTS,
2024-02-03 17:15:11,background_2024_02_02/MCO_Sband_setup,FLUSH_DL_BUFFERS,
2024-02-03 17:15:12,background_2024_02_02/MCO_Sband_setup,SET_VCDU,17
2024-02-03 17:15:13,background_2024_02_02/MCO_Sband_setup,SET_TLM_PROD_RATE,XBAND_DL
2024-02-03 17:15:14,background_2024_02_02/MCO_Sband_setup,SET_PLAYBACK_RATE,200_MBPS
2024-02-03 17:15:15,background_2024_02_02/MCO_Sband_setup,START_PLAYBACK,
2024-02-03 17:28:50,background_2024_02_02,RUN_SEQ,break_down_comm
2024-02-03 17:28:51,background_2024_02_02,ADCS_YAW,-180
2024-02-03 17:28:51,background_2024_02_02/break_down_comm,STOP_PLAYBACK,
2024-02-03 17:28:52,background_2024_02_02/break_down_comm,SET_TLM_PROD_RATE,NOMINAL_SCI
2024-02-03 17:28:53,background_2024_02_02/break_down_comm,TX_POWER,"OFF,XBAND"
2024-02-03 17:28:54,background_2024_02_02/break_down_comm,TX_POWER,"OFF,SBAND"
2024-02-03 17:29:00,background_2024_02_02,DO_SCIENCE,"S_HEMI,DAY"
2024-02-03 17:46:03,background_2024_02_02,STOP_SCIENCE,
2024-02-03 17:46:04,background_2024_02_02,ADCS_YAW,180
2024-02-03 17:51:04,background_2024_02_02,DO_SCIENCE,"N_HEMI,DAY"
2024-02-03 18:13:28,background_2024_02_02,STOP_SCIENCE,
2024-02-03 18:14:40,background_2024_02_02,DO_SCIENCE,"N_HEMI,NIGHT"
2024-02-03 18:37:56,background_2024_02_02,STOP_SCIENCE,
2024-02-03 18:37:57,background_2024_02_02,DO_SCIENCE,"S_HEMI,NIGHT"
2024-02-03 18:49:24,background_2024_02_02,STOP_SCIENCE,
2024-02-03 18:49:25,background_2024_02_02,DO_SCIENCE,"S_HEMI,DAY"
2024-02-03 18:54:59,background_2024_02_02,STOP_SCIENCE,
2024-02-03 18:55:00,background_2024_02_02,RUN_SEQ,MCO_Sband_setup
2024-02-03 18:55:01,background_2024_02_02/MCO_Sband_setup,TX_POWER,"ON,XBAND"
2024-02-03 18:55:06,background_2024_02_02/MCO_Sband_setup,CLOSE_SCI_PRODUCTS,
2024-02-03 18:55:11,background_2024_02_02/MCO_Sband_setup,FLUSH_DL_BUFFERS,
2024-02-03 18:55:12,background_2024_02_02/MCO_Sband_setup,SET_VCDU,17
2024-02-03 18:55:13,background_2024_02_02/MCO_Sband_setup,SET_TLM_PROD_RATE,XBAND_DL
2024-02-03 18:55:14,background_2024_02_02/MCO_Sband_setup,SET_PLAYBACK_RATE,200_MBPS
2024-02-03 18:55:15,background_2024_02_02/MCO_Sband_setup,START_PLAYBACK,
2024-02-03 19:08:50,background_2024_02_02,RUN_SEQ,break_down_comm
2024-02-03 19:08:51,background_2024_02_02,ADCS_YAW,-180
2024-02-03 19:08:51,background_2024_02_02/break_down_comm,STOP_PLAYBACK,
2024-02-03 19:08:52,background_2024_02_02/break_down_comm,SET_TLM_PROD_RATE,NOMINAL_SCI
2024-02-03 19:08:53,background_2024_02_02/break_down_comm,TX_POWER,"OFF,XBAND"
2024-02-03 19:08:54,background_2024_02_02/break_down_comm,TX_POWER,"OFF,SBAND"
2024-02-03 19:09:00,background_2024_02_02,DO_SCIENCE,"S_HEMI,DAY"
2024-02-03 19:24:57,background_2024_02_02,STOP_SCIENCE,
2024-02-03 19:24:58,background_2024_02_02,ADCS_YAW,180
2024-02-03 19:29:58,background_2024_02_02,DO_SCIENCE,"N_HEMI,DAY"
2024-02-03 19:52:28,background_2024_02_02,STOP_SCIENCE,
2024-02-03 19:53:34,background_2024_02_02,DO_SCIENCE,"N_HEMI,NIGHT"
2024-02-03 19:59:59,background_2024_02_02,STOP_SCIENCE,
2024-02-03 20:00:00,background_2024_02_02,RUN_SEQ,WGS_Sband_setup
2024-02-03 20:00:01,background_2024_02_02/WGS_Sband_setup,TX_POWER,"ON,XBAND"
2024-02-03 20:00:06,background_2024_02_02/WGS_Sband_setup,CLOSE_SCI_PRODUCTS,
2024-02-03 20:00:11,background_2024_02_02/WGS_Sband_setup,FLUSH_DL_BUFFERS,
2024-02-03 20:00:12,background_2024_02_02/WGS_Sband_setup,SET_VCDU,17
2024-02-03 20:00:13,background_2024_02_02/WGS_Sband_setup,SET_TLM_PROD_RATE,XBAND_DL
2024-02-03 20:00:14,background_2024_02_02/WGS_Sband_setup,SET_PLAYBACK_RATE,200_MBPS
2024-02-03 20:00:15,background_2024_02_02/WGS_Sband_setup,START_PLAYBACK,
2024-02-03 20:13:50,background_2024_02_02,RUN_SEQ,break_down_comm
2024-02-03 20:13:51,background_2024_02_02/break_down_comm,STOP_PLAYBACK,
2024-02-03 20:13:52,background_2024_02_02/break_down_comm,SET_TLM_PROD_RATE,NOMINAL_SCI
2024-02-03 20:13:53,background_2024_02_02/break_down_comm,TX_POWER,"OFF,XBAND"
2024-02-03 20:13:54,background_2024_02_02/break_down_comm,TX_POWER,"OFF,SBAND"
2024-02-03 20:16:50,background_2024_02_02,DO_SCIENCE,"S_HEMI,NIGHT"
2024-02-03 20:28:18,background_2024_02_02,STOP_SCIENCE,
2024-02-03 20:28:19,background_2024_02_02,DO_SCIENCE,"S_HEMI,DAY"
2024-02-03 20:34:59,background_2024_02_02,STOP_SCIENCE,
2024-02-03 20:35:00,background_2024_02_02,RUN_SEQ,MCO_Sband_setup
2024-02-03 20:35:01,background_2024_02_02/MCO_Sband_setup,TX_POWER,"ON,XBAND"
2024-02-03 20:35:06,background_2024_02_02/MCO_Sband_setup,CLOSE_SCI_PRODUCTS,
2024-02-03 20:35:11,background_2024_02_02/MCO_Sband_setup,FLUSH_DL_BUFFERS,
2024-02-03 20:35:12,background_2024_02_02/MCO_Sband_setup,SET_VCDU,17
2024-02-03 20:35:13,background_2024_02_02/MCO_Sband_setup,SET_TLM_PROD_RATE,XBAND_DL
2024-02-03 20:35:14,background_2024_02_02/MCO_Sband_setup,SET_PLAYBACK_RATE,200_MBPS
2024-02-03 20:35:15,background_2024_02_02/MCO_Sband_setup,START_PLAYBACK,
2024-02-03 20:49:50,background_2024_02_02,RUN_SEQ,break_down_comm
2024-02-03 20:49:51,background_2024_02_02,ADCS_YAW,-180
2024-02-03 20:49:51,background_2024_02_02/break_down_comm,STOP_PLAYBACK,
2024-02-03 20:49:52,background_2024_02_02/break_down_comm,SET_TLM_PROD_RATE,NOMINAL_SCI
2024-02-03 20:49:53,background_2024_02_02/break_down_comm,TX_POWER,"OFF,XBAND"
2024-02-03 20:49:54,background_2024_02_02/break_down_comm,TX_POWER,"OFF,SBAND"
2024-02-03 20:50:00,background_2024_02_02,DO_SCIENCE,"S_HEMI,DAY"
2024-02-03 21:03:51,background_2024_02_02,STOP_SCIENCE,
2024-02-03 21:03:52,background_2024_02_02,ADCS_YAW,180
2024-02-03 21:08:52,background_2024_02_02,DO_SCIENCE,"N_HEMI,DAY"
2024-02-03 21:31:28,background_2024_02_02,STOP_SCIENCE,
2024-02-03 21:32:28,background_2024_02_02,DO_SCIENCE,"N_HEMI,NIGHT"
2024-02-03 21:55:43,background_2024_02_02,STOP_SCIENCE,
2024-02-03 21:55:44,background_2024_02_02,DO_SCIENCE,"S_HEMI,NIGHT"
2024-02-03 22:07:12,background_2024_02_02,STOP_SCIENCE,
2024-02-03 22:07:13,background_2024_02_02,DO_SCIENCE,"S_HEMI,DAY"
2024-02-03 22:14:59,background_2024_02_02,STOP_SCIENCE,
2024-02-03 22:15:00,background_2024_02_02,RUN_SEQ,MCO_Sband_setup
2024-02-03 22:15:01,background_2024_02_02/MCO_Sband_setup,TX_POWER,"ON,XBAND"
2024-02-03 22:15:06,background_2024_02_02/MCO_Sband_setup,CLOSE_SCI_PRODUCTS,
2024-02-03 22:15:11,background_2024_02_02/MCO_Sband_setup,FLUSH_DL_BUFFERS,
2024-02-03 22:15:12,background_2024_02_02/MCO_Sband_setup,SET_VCDU,17
2024-02-03 22:15:13,background_2024_02_02/MCO_Sband_setup,SET_TLM_PROD_RATE,XBAND_DL
2024-02-03 22:15:14,background_2024_02_02/MCO_Sband_setup,SET_PLAYBACK_RATE,200_MBPS
2024-02-03 22:15:15,background_2024_02_02/MCO_Sband_setup,START_PLAYBACK,
2024-02-03 22:29:50,background_2024_02_02,RUN_SEQ,break_down_comm
2024-02-03 22:29:51,background_2024_02_02,ADCS_YAW,-180
2024-02-03 22:29:51,background_2024_02_02/break_down_comm,STOP_PLAYBACK,
2024-02-03 22:29:52,background_2024_02_02/break_down_comm,SET_TLM_PROD_RATE,NOMINAL_SCI
2024-02-03 22:29:53,background_2024_02_02/break_down_comm,TX_POWER,"OFF,XBAND"
2024-02-03 22:29:54,background_2024_02_02/break_down_comm,TX_POWER,"OFF,SBAND"
2024-02-03 22:30:00,background_2024_02_02,DO_SCIENCE,"S_HEMI,DAY"
2024-02-03 22:42:44,background_2024_02_02,STOP_SCIENCE,
2024-02-03 22:42:45,background_2024_02_02,ADCS_YAW,180
2024-02-03 22:47:45,background_2024_02_02,DO_SCIENCE,"N_HEMI,DAY"
2024-02-03 23:09:29,background_2024_02_02,STOP_SCIENCE,
2024-02-03 23:11:22,background_2024_02_02,DO_SCIENCE,"N_HEMI,NIGHT"
2024-02-03 23:34:37,background_2024_02_02,STOP_SCIENCE,
2024-02-03 23:34:38,background_2024_02_02,DO_SCIENCE,"S_HEMI,NIGHT"
2024-02-03 23:46:06,background_2024_02_02,STOP_SCIENCE,
2024-02-03 23:46:07,background_2024_02_02,DO_SCIENCE,"S_HEMI,DAY"
2024-02-03 23:54:59,background_2024_02_02,STOP_SCIENCE,
2024-02-03 23:55:00,background_2024_02_02,RUN_SEQ,MCO_Sband_setup
2024-02-03 23:55:01,background_2024_02_02/MCO_Sband_setup,TX_POWER,"ON,XBAND"
2024-02-03 23:55:06,background_2024_02_02/MCO_Sband_setup,CLOSE_SCI_PRODUCTS,
2024-02-03 23:55:11,background_2024_02_02/MCO_Sband_setup,FLUSH_DL_BUFFERS,
2024-02-03 23:55:12,background_2024_02_02/MCO_Sband_setup,SET_VCDU,17
2024-02-03 23:55:13,background_2024_02_02/MCO_Sband_setup,SET_TLM_PROD_RATE,XBAND_DL
2024-02-03 23:55:14,background_2024_02_02/MCO_Sband_setup,SET_PLAYBACK_RATE,200_MBPS
2024-02-03 23:55:15,background_2024_02_02/MCO_Sband_setup,START_PLAYBACK,
2024-02-04 00:09:50,background_2024_02_02,RUN_SEQ,break_down_comm
2024-02-04 00:09:51,background_2024_02_02,ADCS_YAW,-180
2024-02-04 00:09:51,background_2024_02_02/break_down_comm,STOP_PLAYBACK,
2024-02-04 00:09:52,background_2024_02_02/break_down_comm,SET_TLM_PROD_RATE,NOMINAL_SCI
2024-02-04 00:09:53,background_2024_02_02/break_down_comm,TX_POWER,"OFF,XBAND"
2024-02-04 00:09:54,background_2024_02_02/break_down_comm,TX_POWER,"OFF,SBAND"
2024-02-04 00:10:00,background_2024_02_02,DO_SCIENCE,"S_HEMI,DAY"
2024-02-04 00:21:38,background_2024_02_02,STOP_SCIENCE,
2024-02-04 00:21:39,background_2024_02_02,ADCS_YAW,180
2024-02-04 00:26:39,background_2024_02_02,DO_SCIENCE,"N_HEMI,DAY"
2024-02-04 00:35:59,background_2024_02_02,STOP_SCIENCE,
2024-02-04 00:36:00,background_2024_02_02,RUN_SEQ,ASF_Sband_setup
2024-02-04 00:36:01,background_2024_02_02/ASF_Sband_setup,TX_POWER,"ON,XBAND"
2024-02-04 00:36:06,background_2024_02_02/ASF_Sband_setup,CLOSE_SCI_PRODUCTS,
2024-02-04 00:36:11,background_2024_02_02/ASF_Sband_setup,FLUSH_DL_BUFFERS,
2024-02-04 00:36:12,background_2024_02_02/ASF_Sband_setup,SET_VCDU,17
2024-02-04 00:36:13,background_2024_02_02/ASF_Sband_setup,SET_TLM_PROD_RATE,XBAND_DL
2024-02-04 00:36:14,background_2024_02_02/ASF_Sband_setup,SET_PLAYBACK_RATE,200_MBPS
2024-02-04 00:36:15,background_2024_02_02/ASF_Sband_setup,START_PLAYBACK,
2024-02-04 00:49:50,background_2024_02_02,RUN_SEQ,break_down_comm
2024-02-04 00:49:51,background_2024_02_02/break_down_comm,STOP_PLAYBACK,
2024-02-04 00:49:52,background_2024_02_02/break_down_comm,SET_TLM_PROD_RATE,NOMINAL_SCI
2024-02-04 00:49:53,background_2024_02_02/break_down_comm,TX_POWER,"OFF,XBAND"
2024-02-04 00:49:54,background_2024_02_02/break_down_comm,TX_POWER,"OFF,SBAND"
2024-02-04 00:50:16,background_2024_02_02,DO_SCIENCE,"N_HEMI,NIGHT"
2024-02-04 01:11:00,background_2024_02_02,STOP_SCIENCE,
2024-02-04 01:11:01,background_2024_02_02,RUN_SEQ,dark_side_calibration
2024-02-04 01:11:01,background_2024_02_02/dark_side_calibration,DARK_SIDE_CALIBRATION,
2024-02-04 01:11:31,background_2024_02_02/dark_side_calibration,DARK_SIDE_CALIBRATION,
2024-02-04 01:12:01,background_2024_02_02/dark_side_calibration,DARK_SIDE_CALIBRATION,
2024-02-04 01:12:31,background_2024_02_02/dark_side_calibration,DARK_SIDE_CALIBRATION,
2024-02-04 01:13:01,background_2024_02_02/dark_side_calibration,DARK_SIDE_CALIBRATION,
2024-02-04 01:13:31,background_2024_02_02/dark_side_calibration,DARK_SIDE_CALIBRATION,
2024-02-04 01:14:01,background_2024_02_02/dark_side_calibration,DARK_SIDE_CALIBRATION,
2024-02-04 01:14:31,background_2024_02_02/dark_side_calibration,DARK_SIDE_CALIBRATION,
2024-02-04 01:15:01,background_2024_02_02/dark_side_calibration,DARK_SIDE_CALIBRATION,
2024-02-04 01:15:31,background_2024_02_02/dark_side_calibration,DARK_SIDE_CALIBRATION,
2024-02-04 01:16:01,background_2024_02_02,DO_SCIENCE,"S_HEMI,NIGHT"
2024-02-04 01:25:00,background_2024_02_02,STOP_SCIENCE,
2024-02-04 01:25:01,background_2024_02_02,DO_SCIENCE,"S_HEMI,DAY"
2024-02-04 01:35:58,background_2024_02_02,STOP_SCIENCE,
2024-02-04 01:35:59,background_2024_02_02,ADCS_YAW,-180
2024-02-04 01:40:59,background_2024_02_02,DO_SCIENCE,"S_HEMI,DAY"
2024-02-04 02:00:32,background_2024_02_02,STOP_SCIENCE,
2024-02-04 02:00:33,background_2024_02_02,ADCS_YAW,180
2024-02-04 02:05:33,background_2024_02_02,DO_SCIENCE,"N_HEMI,DAY"
2024-02-04 02:15:59,background_2024_02_02,STOP_SCIENCE,
2024-02-04 02:16:00,background_2024_02_02,RUN_SEQ,ASF_Sband_setup
2024-02-04 02:16:01,background_2024_02_02/ASF_Sband_setup,TX_POWER,"ON,XBAND"
2024-02-04 02:16:06,background_2024_02_02/ASF_Sband_setup,CLOSE_SCI_PRODUCTS,
2024-02-04 02:16:11,background_2024_02_02/ASF_Sband_setup,FLUSH_DL_BUFFERS,
2024-02-04 02:16:12,background_2024_02_02/ASF_Sband_setup,SET_VCDU,17
2024-02-04 02:16:13,background_2024_02_02/ASF_Sband_setup,SET_TLM_PROD_RATE,XBAND_DL
2024-02-04 02:16:14,background_2024_02_02/ASF_Sband_setup,SET_PLAYBACK_RATE,200_MBPS
2024-02-04 02:16:15,background_2024_02_02/ASF_Sband_setup,START_PLAYBACK,
2024-02-04 02:30:50,background_2024_02_02,RUN_SEQ,break_down_comm
2024-02-04 02:30:51,background_2024_02_02/break_down_comm,STOP_PLAYBACK,
2024-02-04 02:30:52,background_2024_02_02/break_down_comm,SET_TLM_PROD_RATE,NOMINAL_SCI
2024-02-04 02:30:53,background_2024_02_02/break_down_comm,TX_POWER,"OFF,XBAND"
2024-02-04 02:30:54,background_2024_02_02/break_down_comm,TX_POWER,"OFF,SBAND"
2024-02-04 02:31:00,background_2024_02_02,DO_SCIENCE,"N_HEMI,NIGHT"
2024-02-04 02:52:24,background_2024_02_02,STOP_SCIENCE,
2024-02-04 02:52:25,background_2024_02_02,DO_SCIENCE,"S_HEMI,NIGHT"
2024-02-04 03:03:54,background_2024_02_02,STOP_SCIENCE,
2024-02-04 03:03:55,background_2024_02_02,DO_SCIENCE,"S_HEMI,DAY"
2024-02-04 03:14:58,background_2024_02_02,STOP_SCIENCE,
2024-02-04 03:14:59,background_2024_02_02,ADCS_YAW,-180
2024-02-04 03:19:59,background_2024_02_02,DO_SCIENCE,"S_HEMI,DAY"
2024-02-04 03:39:25,background_2024_02_02,STOP_SCIENCE,
2024-02-04 03:39:26,background_2024_02_02,ADCS_YAW,180
2024-02-04 03:44:26,background_2024_02_02,DO_SCIENCE,"N_HEMI,DAY"
2024-02-04 04:06:29,background_2024_02_02,STOP_SCIENCE,
2024-02-04 04:08:04,background_2024_02_02,DO_SCIENCE,"N_HEMI,NIGHT"
2024-02-04 04:31:18,background_2024_02_02,STOP_SCIENCE,
2024-02-04 04:31:19,background_2024_02_02,DO_SCIENCE,"S_HEMI,NIGHT"
2024-02-04 04:42:48,background_2024_02_02,STOP_SCIENCE,
2024-02-04 04:42:49,background_2024_02_02,DO_SCIENCE,"S_HEMI,DAY"
2024-02-04 04:53:58,background_2024_02_02,STOP_SCIENCE,
2024-02-04 04:53:59,background_2024_02_02,ADCS_YAW,-180
2024-02-04 04:58:59,background_2024_02_02,DO_SCIENCE,"S_HEMI,DAY"
2024-02-04 05:18:19,background_2024_02_02,STOP_SCIENCE,
2024-02-04 05:18:20,background_2024_02_02,ADCS_YAW,180
2024-02-04 05:23:20,background_2024_02_02,DO_SCIENCE,"N_HEMI,DAY"
2024-02-04 05:45:29,background_2024_02_02,STOP_SCIENCE,
2024-02-04 05:46:58,background_2024_02_02,DO_SCIENCE,"N_HEMI,NIGHT"
2024-02-04 06:10:11,background_2024_02_02,STOP_SCIENCE,
2024-02-04 06:10:12,background_2024_02_02,DO_SCIENCE,"S_HEMI,NIGHT"
2024-02-04 06:21:42,background_2024_02_02,STOP_SCIENCE,
2024-02-04 06:21:43,background_2024_02_02,DO_SCIENCE,"S_HEMI,DAY"
2024-02-04 06:31:59,background_2024_02_02,STOP_SCIENCE,
2024-02-04 06:32:00,background_2024_02_02,ADCS_YAW,-180
2024-02-04 06:37:00,background_2024_02_02,DO_SCIENCE,"S_HEMI,DAY"
2024-02-04 06:57:13,background_2024_02_02,STOP_SCIENCE,
2024-02-04 06:57:14,background_2024_02_02,ADCS_YAW,180
2024-02-04 07:02:14,background_2024_02_02,DO_SCIENCE,"N_HEMI,DAY"
2024-02-04 07:20:59,background_2024_02_02,STOP_SCIENCE,
2024-02-04 07:21:00,background_2024_02_02,RUN_SEQ,ASF_Sband_setup
2024-02-04 07:21:01,background_2024_02_02/ASF_Sband_setup,TX_POWER,"ON,XBAND"
2024-02-04 07:21:06,background_2024_02_02/ASF_Sband_setup,CLOSE_SCI_PRODUCTS,
2024-02-04 07:21:11,background_2024_02_02/ASF_Sband_setup,FLUSH_DL_BUFFERS,
2024-02-04 07:21:12,background_2024_02_02/ASF_Sband_setup,SET_VCDU,17
2024-02-04 07:21:13,background_2024_02_02/ASF_Sband_setup,SET_TLM_PROD_RATE,XBAND_DL
2024-02-04 07:21:14,background_2024_02_02/ASF_Sband_setup,SET_PLAYBACK_RATE,200_MBPS
2024-02-04 07:21:15,background_2024_02_02/ASF_Sband_setup,START_PLAYBACK,
2024-02-04 07:34:50,background_2024_02_02,RUN_SEQ,break_down_comm
2024-02-04 07:34:51,background_2024_02_02/break_down_comm,STOP_PLAYBACK,
2024-02-04 07:34:52,background_2024_02_02/break_down_comm,SET_TLM_PROD_RATE,NOMINAL_SCI
2024-02-04 07:34:53,background_2024_02_02/break_down_comm,TX_POWER,"OFF,XBAND"
2024-02-04 07:34:54,background_2024_02_02/break_down_comm,TX_POWER,"OFF,SBAND"
2024-02-04 07:35:00,background_2024_02_02,DO_SCIENCE,"N_HEMI,NIGHT"
2024-02-04 07:49:05,background_2024_02_02,STOP_SCIENCE,
2024-02-04 07:49:06,background_2024_02_02,DO_SCIENCE,"S_HEMI,NIGHT"
2024-02-04 08:00:36,background_2024_02_02,STOP_SCIENCE,
2024-02-04 08:00:37,background_2024_02_02,DO_SCIENCE,"S_HEMI,DAY"
2024-02-04 08:10:59,background_2024_02_02,STOP_SCIENCE,
2024-02-04 08:11:00,background_2024_02_02,ADCS_YAW,-180
2024-02-04 08:16:00,background_2024_02_02,DO_SCIENCE,"S_HEMI,DAY"
2024-02-04 08:36:06,background_2024_02_02,STOP_SCIENCE,
2024-02-04 08:36:07,background_2024_02_02,ADCS_YAW,180
2024-02-04 08:43:00,background_2024_02_02,RUN_SEQ,WGS_Sband_setup
2024-02-04 08:43:01,background_2024_02_02/WGS_Sband_setup,TX_POWER,"ON,XBAND"
2024-02-04 08:43:06,background_2024_02_02/WGS_Sband_setup,CLOSE_SCI_PRODUCTS,
2024-02-04 08:43:11,background_2024_02_02/WGS_Sband_setup,FLUSH_DL_BUFFERS,
2024-02-04 08:43:12,background_2024_02_02/WGS_Sband_setup,SET_VCDU,17
2024-02-04 08:43:13,background_2024_02_02/WGS_Sband_setup,SET_TLM_PROD_RATE,XBAND_DL
2024-02-04 08:43:14,background_2024_02_02/WGS_Sband_setup,SET_PLAYBACK_RATE,200_MBPS
2024-02-04 08:43:15,background_2024_02_02/WGS_Sband_setup,START_PLAYBACK,
2024-02-04 08:56:50,background_2024_02_02,RUN_SEQ,break_down_comm
2024-02-04 08:56:51,background_2024_02_02/break_down_comm,STOP_PLAYBACK,
2024-02-04 08:56:52,background_2024_02_02/break_down_comm,SET_TLM_PROD_RATE,NOMINAL_SCI
2024-02-04 08:56:53,background_2024_02_02/break_down_comm,TX_POWER,"OFF,XBAND"
2024-02-04 08:56:54,background_2024_02_02/break_down_comm,TX_POWER,"OFF,SBAND"
2024-02-04 08:57:00,background_2024_02_02,DO_SCIENCE,"N_HEMI,DAY"
2024-02-04 09:01:59,background_2024_02_02,STOP_SCIENCE,
2024-02-04 09:02:00,background_2024_02_02,RUN_SEQ,ASF_Sband_setup
2024-02-04 09:02:01,background_2024_02_02/ASF_Sband_setup,TX_POWER,"ON,XBAND"
2024-02-04 09:02:06,background_2024_02_02/ASF_Sband_setup,CLOSE_SCI_PRODUCTS,
2024-02-04 09:02:11,background_2024_02_02/ASF_Sband_setup,FLUSH_DL_BUFFERS,
2024-02-04 09:02:12,background_2024_02_02/ASF_Sband_setup,SET_VCDU,17
2024-02-04 09:02:13,background_2024_02_02/ASF_Sband_setup,SET_TLM_PROD_RATE,XBAND_DL
2024-02-04 09:02:14,background_2024_02_02/ASF_Sband_setup,SET_PLAYBACK_RATE,200_MBPS
2024-02-04 09:02:15,background_2024_02_02/ASF_Sband_setup,START_PLAYBACK,
2024-02-04 09:16:50,background_2024_02_02,RUN_SEQ,break_down_comm
2024-02-04 09:16:51,background_2024_02_02/break_down_comm,STOP_PLAYBACK,
2024-02-04 09:16:52,background_2024_02_02/break_down_comm,SET_TLM_PROD_RATE,NOMINAL_SCI
2024-02-04 09:16:53,background_2024_02_02/break_down_comm,TX_POWER,"OFF,XBAND"
2024-02-04 09:16:54,background_2024_02_02/break_down_comm,TX_POWER,"OFF,SBAND"
2024-02-04 09:17:00,background_2024_02_02,DO_SCIENCE,"N_HEMI,NIGHT"
2024-02-04 09:27:59,background_2024_02_02,STOP_SCIENCE,
2024-02-04 09:28:00,background_2024_02_02,DO_SCIENCE,"S_HEMI,NIGHT"
2024-02-04 09:39:30,background_2024_02_02,STOP_SCIENCE,
2024-02-04 09:39:31,background_2024_02_02,DO_SCIENCE,"S_HEMI,DAY"
2024-02-04 09:49:59,background_2024_02_02,STOP_SCIENCE,
2024-02-04 09:50:00,background_2024_02_02,ADCS_YAW,-180
2024-02-04 09:55:00,background_2024_02_02,DO_SCIENCE,"S_HEMI,DAY"
2024-02-04 10:15:00,background_2024_02_02,STOP_SCIENCE,
2024-02-04 10:15:01,background_2024_02_02,ADCS_YAW,180
2024-02-04 10:20:01,background_2024_02_02,DO_SCIENCE,"N_HEMI,DAY"
2024-02-04 10:42:28,background_2024_02_02,STOP_SCIENCE,
2024-02-04 10:43:00,background_2024_02_02,RUN_SEQ,ASF_Sband_setup
2024-02-04 10:43:01,background_2024_02_02/ASF_Sband_setup,TX_POWER,"ON,XBAND"
2024-02-04 10:43:06,background_2024_02_02/ASF_Sband_setup,CLOSE_SCI_PRODUCTS,
2024-02-04 10:43:11,background_2024_02_02/ASF_Sband_setup,FLUSH_DL_BUFFERS,
2024-02-04 10:43:12,background_2024_02_02/ASF_Sband_setup,SET_VCDU,17
2024-02-04 10:43:13,background_2024_02_02/ASF_Sband_setup,SET_TLM_PROD_RATE,XBAND_DL
2024-02-04 10:43:14,background_2024_02_02/ASF_Sband_setup,SET_PLAYBACK_RATE,200_MBPS
2024-02-04 10:43:15,background_2024_02_02/ASF_Sband_setup,START_PLAYBACK,
2024-02-04 10:55:50,background_2024_02_02,RUN_SEQ,break_down_comm
2024-02-04 10:55:51,background_2024_02_02/break_down_comm,STOP_PLAYBACK,
2024-02-04 10:55:52,background_2024_02_02/break_down_comm,SET_TLM_PROD_RATE,NOMINAL_SCI
2024-02-04 10:55:53,background_2024_02_02/break_down_comm,TX_POWER,"OFF,XBAND"
2024-02-04 10:55:54,background_2024_02_02/break_down_comm,TX_POWER,"OFF,SBAND"
2024-02-04 10:56:00,background_2024_02_02,DO_SCIENCE,"N_HEMI,NIGHT"
2024-02-04 11:06:52,background_2024_02_02,STOP_SCIENCE,
2024-02-04 11:06:53,background_2024_02_02,DO_SCIENCE,"S_HEMI,NIGHT"
2024-02-04 11:18:24,background_2024_02_02,STOP_SCIENCE,
2024-02-04 11:18:25,background_2024_02_02,DO_SCIENCE,"S_HEMI,DAY"
2024-02-04 11:28:59,background_2024_02_02,STOP_SCIENCE,
2024-02-04 11:29:00,background_2024_02_02,ADCS_YAW,-180
2024-02-04 11:34:00,background_2024_02_02,DO_SCIENCE,"S_HEMI,DAY"
2024-02-04 11:53:54,background_2024_02_02,STOP_SCIENCE,
2024-02-04 11:53:55,background_2024_02_02,ADCS_YAW,180
2024-02-04 11:58:55,background_2024_02_02,DO_SCIENCE,"N_HEMI,DAY"
2024-02-04 12:21:28,background_2024_02_02,STOP_SCIENCE,
2024-02-04 12:22:34,background_2024_02_02,DO_SCIENCE,"N_HEMI,NIGHT"
2024-02-04 12:43:16,background_2024_02_02,STOP_SCIENCE,
2024-02-04 12:43:17,background_2024_02_02,RUN_SEQ,dark_side_calibration
2024-02-04 12:43:17,background_2024_02_02/dark_side_calibration,DARK_SIDE_CALIBRATION,
2024-02-04 12:43:47,background_2024_02_02/dark_side_calibration,DARK_SIDE_CALIBRATION,
2024-02-04 12:44:17,background_2024_02_02/dark_side_calibration,DARK_SIDE_CALIBRATION,
2024-02-04 12:44:47,background_2024_02_02/dark_side_calibration,DARK_SIDE_CALIBRATION,
2024-02-04 12:45:17,background_2024_02_02/dark_side_calibration,DARK_SIDE_CALIBRATION,
2024-02-04 12:45:47,background_2024_02_02/dark_side_calibration,DARK_SIDE_CALIBRATION,
2024-02-04 12:46:17,background_2024_02_02/dark_side_calibration,DARK_SIDE_CALIBRATION,
2024-02-04 12:46:47,background_2024_02_02/dark_side_calibration,DARK_SIDE_CALIBRATION,
2024-02-04 12:47:17,background_2024_02_02/dark_side_calibration,DARK_SIDE_CALIBRATION,
2024-02-04 12:47:47,background_2024_02_02/dark_side_calibration,DARK_SIDE_CALIBRATION,
2024-02-04 12:48:17,background_2024_02_02,DO_SCIENCE,"S_HEMI,NIGHT"
2024-02-04 12:57:18,background_2024_02_02,STOP_SCIENCE,
2024-02-04 12:57:19,background_2024_02_02,DO_SCIENCE,"S_HEMI,DAY"
2024-02-04 13:07:59,background_2024_02_02,STOP_SCIENCE,
2024-02-04 13:08:00,background_2024_02_02,ADCS_YAW,-180
2024-02-04 13:13:00,background_2024_02_02,DO_SCIENCE,"S_HEMI,DAY"
2024-02-04 13:32:48,background_2024_02_02,STOP_SCIENCE,
2024-02-04 13:32:49,background_2024_02_02,ADCS_YAW,180
2024-02-04 13:37:49,background_2024_02_02,DO_SCIENCE,"N_HEMI,DAY"
2024-02-04 14:00:28,background_2024_02_02,STOP_SCIENCE,
2024-02-04 14:01:28,background_2024_02_02,DO_SCIENCE,"N_HEMI,NIGHT"
2024-02-04 14:24:40,background_2024_02_02,STOP_SCIENCE,
2024-02-04 14:24:41,background_2024_02_02,DO_SCIENCE,"S_HEMI,NIGHT"
2024-02-04 14:36:12,background_2024_02_02,STOP_SCIENCE,
2024-02-04 14:36:13,background_2024_02_02,DO_SCIENCE,"S_HEMI,DAY"
2024-02-04 14:46:58,background_2024_02_02,STOP_SCIENCE,
2024-02-04 14:46:59,background_2024_02_02,ADCS_YAW,-180
2024-02-04 14:51:59,background_2024_02_02,DO_SCIENCE,"S_HEMI,DAY"
2024-02-04 15:11:41,background_2024_02_02,STOP_SCIENCE,
2024-02-04 15:11:42,background_2024_02_02,ADCS_YAW,180
2024-02-04 15:16:42,background_2024_02_02,DO_SCIENCE,"N_HEMI,DAY"
2024-02-04 15:38:29,background_2024_02_02,STOP_SCIENCE,
2024-02-04 15:40:22,background_2024_02_02,DO_SCIENCE,"N_HEMI,NIGHT"
2024-02-04 16:03:33,background_2024_02_02,STOP_SCIENCE,
2024-02-04 16:03:34,background_2024_02_02,DO_SCIENCE,"S_HEMI,NIGHT"
2024-02-04 16:15:06,background_2024_02_02,STOP_SCIENCE,
2024-02-04 16:19:00,background_2024_02_02,RUN_SEQ,MCO_Sband_setup
2024-02-04 16:19:01,background_2024_02_02/MCO_Sband_setup,TX_POWER,"ON,XBAND"
2024-02-04 16:19:06,background_2024_02_02/MCO_Sband_setup,CLOSE_SCI_PRODUCTS,
2024-02-04 16:19:11,background_2024_02_02/MCO_Sband_setup,FLUSH_DL_BUFFERS,
2024-02-04 16:19:12,background_2024_02_02/MCO_Sband_setup,SET_VCDU,17
2024-02-04 16:19:13,background_2024_02_02/MCO_Sband_setup,SET_TLM_PROD_RATE,XBAND_DL
2024-02-04 16:19:14,background_2024_02_02/MCO_Sband_setup,SET_PLAYBACK_RATE,200_MBPS
2024-02-04 16:19:15,background_2024_02_02/MCO_Sband_setup,START_PLAYBACK,
2024-02-04 16:32:50,background_2024_02_02,RUN_SEQ,break_down_comm
2024-02-04 16:32:51,background_2024_02_02,ADCS_YAW,-180
2024-02-04 16:32:51,background_2024_02_02/break_down_comm,STOP_PLAYBACK,
2024-02-04 16:32:52,background_2024_02_02/break_down_comm,SET_TLM_PROD_RATE,NOMINAL_SCI
2024-02-04 16:32:53,background_2024_02_02/break_down_comm,TX_POWER,"OFF,XBAND"
2024-02-04 16:32:54,background_2024_02_02/break_down_comm,TX_POWER,"OFF,SBAND"
2024-02-04 16:33:00,background_2024_02_02,DO_SCIENCE,"S_HEMI,DAY"
2024-02-04 16:50:35,background_2024_02_02,STOP_SCIENCE,
2024-02-04 16:50:36,background_2024_02_02,ADCS_YAW,180
2024-02-04 16:55:36,background_2024_02_02,DO_SCIENCE,"N_HEMI,DAY"
2024-02-04 17:17:29,background_2024_02_02,STOP_SCIENCE,
2024-02-04 17:19:16,background_2024_02_02,DO_SCIENCE,"N_HEMI,NIGHT"
2024-02-04 17:42:27,background_2024_02_02,STOP_SCIENCE,
2024-02-04 17:42:28,background_2024_02_02,DO_SCIENCE,"S_HEMI,NIGHT"
2024-02-04 17:54:00,background_2024_02_02,STOP_SCIENCE,
2024-02-04 17:59:00,background_2024_02_02,RUN_SEQ,MCO_Sband_setup
2024-02-04 17:59:01,background_2024_02_02/MCO_Sband_setup,TX_POWER,"ON,XBAND"
2024-02-04 17:59:06,background_2024_02_02/MCO_Sband_setup,CLOSE_SCI_PRODUCTS,
2024-02-04 17:59:11,background_2024_02_02/MCO_Sband_setup,FLUSH_DL_BUFFERS,
2024-02-04 17:59:12,background_2024_02_02/MCO_Sband_setup,SET_VCDU,17
2024-02-04 17:59:13,background_2024_02_02/MCO_Sband_setup,SET_TLM_PROD_RATE,XBAND_DL
2024-02-04 17:59:14,background_2024_02_02/MCO_Sband_setup,SET_PLAYBACK_RATE,200_MBPS
2024-02-04 17:59:15,background_2024_02_02/MCO_Sband_setup,START_PLAYBACK,
2024-02-04 18:12:50,background_2024_02_02,RUN_SEQ,break_down_comm
2024-02-04 18:12:51,background_2024_02_02,ADCS_YAW,-180
2024-02-04 18:12:51,background_2024_02_02/break_down_comm,STOP_PLAYBACK,
2024-02-04 18:12:52,background_2024_02_02/break_down_comm,SET_TLM_PROD_RATE,NOMINAL_SCI
2024-02-04 18:12:53,background_2024_02_02/break_down_comm,TX_POWER,"OFF,XBAND"
2024-02-04 18:12:54,background_2024_02_02/break_down_comm,TX_POWER,"OFF,SBAND"
2024-02-04 18:13:00,background_2024_02_02,DO_SCIENCE,"S_HEMI,DAY"
2024-02-04 18:29:29,background_2024_02_02,STOP_SCIENCE,
2024-02-04 18:29:30,background_2024_02_02,ADCS_YAW,180
2024-02-04 18:34:30,background_2024_02_02,DO_SCIENCE,"N_HEMI,DAY"
2024-02-04 18:56:29,background_2024_02_02,STOP_SCIENCE,
2024-02-04 18:58:10,background_2024_02_02,DO_SCIENCE,"N_HEMI,NIGHT"
2024-02-04 19:03:59,background_2024_02_02,STOP_SCIENCE,
2024-02-04 19:04:00,background_2024_02_02,RUN_SEQ,WGS_Sband_setup
2024-02-04 19:04:01,background_2024_02_02/WGS_Sband_setup,TX_POWER,"ON,XBAND"
2024-02-04 19:04:06,background_2024_02_02/WGS_Sband_setup,CLOSE_SCI_PRODUCTS,
2024-02-04 19:04:11,background_2024_02_02/WGS_Sband_setup,FLUSH_DL_BUFFERS,
2024-02-04 19:04:12,background_2024_02_02/WGS_Sband_setup,SET_VCDU,17
2024-02-04 19:04:13,background_2024_02_02/WGS_Sband_setup,SET_TLM_PROD_RATE,XBAND_DL
2024-02-04 19:04:14,background_2024_02_02/WGS_Sband_setup,SET_PLAYBACK_RATE,200_MBPS
2024-02-04 19:04:15,background_2024_02_02/WGS_Sband_setup,START_PLAYBACK,
2024-02-04 19:16:50,background_2024_02_02,RUN_SEQ,break_down_comm
2024-02-04 19:16:51,background_2024_02_02/break_down_comm,STOP_PLAYBACK,
2024-02-04 19:16:52,background_2024_02_02/break_down_comm,SET_TLM_PROD_RATE,NOMINAL_SCI
2024-02-04 19:16:53,background_2024_02_02/break_down_comm,TX_POWER,"OFF,XBAND"
2024-02-04 19:16:54,background_2024_02_02/break_down_comm,TX_POWER,"OFF,SBAND"
2024-02-04 19:21:22,background_2024_02_02,DO_SCIENCE,"S_HEMI,NIGHT"
2024-02-04 19:32:54,background_2024_02_02,STOP_SCIENCE,
2024-02-04 19:32:55,background_2024_02_02,DO_SCIENCE,"S_HEMI,DAY"
2024-02-04 19:38:59,background_2024_02_02,STOP_SCIENCE,
2024-02-04 19:39:00,background_2024_02_02,RUN_SEQ,MCO_Sband_setup
2024-02-04 19:39:01,background_2024_02_02/MCO_Sband_setup,TX_POWER,"ON,XBAND"
2024-02-04 19:39:06,background_2024_02_02/MCO_Sband_setup,CLOSE_SCI_PRODUCTS,
2024-02-04 19:39:11,background_2024_02_02/MCO_Sband_setup,FLUSH_DL_BUFFERS,
2024-02-04 19:39:12,background_2024_02_02/MCO_Sband_setup,SET_VCDU,17
2024-02-04 19:39:13,background_2024_02_02/MCO_Sband_setup,SET_TLM_PROD_RATE,XBAND_DL
2024-02-04 19:39:14,background_2024_02_02/MCO_Sband_setup,SET_PLAYBACK_RATE,200_MBPS
2024-02-04 19:39:15,background_2024_02_02/MCO_Sband_setup,START_PLAYBACK,
2024-02-04 19:52:50,background_2024_02_02,RUN_SEQ,break_down_comm
2024-02-04 19:52:51,background_2024_02_02,ADCS_YAW,-180
2024-02-04 19:52:51,background_2024_02_02/break_down_comm,STOP_PLAYBACK,
2024-02-04 19:52:52,background_2024_02_02/break_down_comm,SET_TLM_PROD_RATE,NOMINAL_SCI
2024-02-04 19:52:53,background_2024_02_02/break_down_comm,TX_POWER,"OFF,XBAND"
2024-02-04 19:52:54,background_2024_02_02/break_down_comm,TX_POWER,"OFF,SBAND"
2024-02-04 19:53:00,background_2024_02_02,DO_SCIENCE,"S_HEMI,DAY"
2024-02-04 20:08:22,background_2024_02_02,STOP_SCIENCE,
2024-02-04 20:08:23,background_2024_02_02,ADCS_YAW,180
2024-02-04 20:13:23,background_2024_02_02,DO_SCIENCE,"N_HEMI,DAY"
2024-02-04 20:35:29,background_2024_02_02,STOP_SCIENCE,
2024-02-04 20:37:04,background_2024_02_02,DO_SCIENCE,"N_HEMI,NIGHT"
2024-02-04 21:00:15,background_2024_02_02,STOP_SCIENCE,
2024-02-04 21:00:16,background_2024_02_02,DO_SCIENCE,"S_HEMI,NIGHT"
2024-02-04 21:11:48,background_2024_02_02,STOP_SCIENCE,
2024-02-04 21:11:49,background_2024_02_02,DO_SCIENCE,"S_HEMI,DAY"
2024-02-04 21:18:59,background_2024_02_02,STOP_SCIENCE,
2024-02-04 21:19:00,background_2024_02_02,RUN_SEQ,MCO_Sband_setup
2024-02-04 21:19:01,background_2024_02_02/MCO_Sband_setup,TX_POWER,"ON,XBAND"
2024-02-04 21:19:06,background_2024_02_02/MCO_Sband_setup,CLOSE_SCI_PRODUCTS,
2024-02-04 21:19:11,background_2024_02_02/MCO_Sband_setup,FLUSH_DL_BUFFERS,
2024-02-04 21:19:12,background_2024_02_02/MCO_Sband_setup,SET_VCDU,17
2024-02-04 21:19:13,background_2024_02_02/MCO_Sband_setup,SET_TLM_PROD_RATE,XBAND_DL
2024-02-04 21:19:14,background_2024_02_02/MCO_Sband_setup,SET_PLAYBACK_RATE,200_MBPS
2024-02-04 21:19:15,background_2024_02_02/MCO_Sband_setup,START_PLAYBACK,
2024-02-04 21:33:50,background_2024_02_02,RUN_SEQ,break_down_comm
2024-02-04 21:33:51,background_2024_02_02,ADCS_YAW,-180
2024-02-04 21:33:51,background_2024_02_02/break_down_comm,STOP_PLAYBACK,
2024-02-04 21:33:52,background_2024_02_02/break_down_comm,SET_TLM_PROD_RATE,NOMINAL_SCI
2024-02-04 21:33:53,background_2024_02_02/break_down_comm,TX_POWER,"OFF,XBAND"
2024-02-04 21:33:54,background_2024_02_02/break_down_comm,TX_POWER,"OFF,SBAND"
2024-02-04 21:34:00,background_2024_02_02,DO_SCIENCE,"S_HEMI,DAY"
2024-02-04 21:47:16,background_2024_02_02,STOP_SCIENCE,
2024-02-04 21:47:17,background_2024_02_02,ADCS_YAW,180
2024-02-04 21:52:17,background_2024_02_02,DO_SCIENCE,"N_HEMI,DAY"
2024-02-04 22:14:28,background_2024_02_02,STOP_SCIENCE,
2024-02-04 22:15:58,background_2024_02_02,DO_SCIENCE,"N_HEMI,NIGHT"
2024-02-04 22:39:08,background_2024_02_02,STOP_SCIENCE,
2024-02-04 22:39:09,background_2024_02_02,DO_SCIENCE,"S_HEMI,NIGHT"
2024-02-04 22:50:42,background_2024_02_02,STOP_SCIENCE,
2024-02-04 22:50:43,background_2024_02_02,DO_SCIENCE,"S_HEMI,DAY"
2024-02-04 22:58:59,background_2024_02_02,STOP_SCIENCE,
2024-02-04 22:59:00,background_2024_02_02,RUN_SEQ,MCO_Sband_setup
2024-02-04 22:59:01,background_2024_02_02/MCO_Sband_setup,TX_POWER,"ON,XBAND"
2024-02-04 22:59:06,background_2024_02_02/MCO_Sband_setup,CLOSE_SCI_PRODUCTS,
2024-02-04 22:59:11,background_2024_02_02/MCO_Sband_setup,FLUSH_DL_BUFFERS,
2024-02-04 22:59:12,background_2024_02_02/MCO_Sband_setup,SET_VCDU,17
2024-02-04 22:59:13,background_2024_02_02/MCO_Sband_setup,SET_TLM_PROD_RATE,XBAND_DL
2024-02-04 22:59:14,background_2024_02_02/MCO_Sband_setup,SET_PLAYBACK_RATE,200_MBPS
2024-02-04 22:59:15,background_2024_02_02/MCO_Sband_setup,START_PLAYBACK,
2024-02-04 23:13:50,background_2024_02_02,RUN_SEQ,break_down_comm
2024-02-04 23:13:51,background_2024_02_02,ADCS_YAW,-180
2024-02-04 23:13:51,background_2024_02_02/break_down_comm,STOP_PLAYBACK,
2024-02-04 23:13:52,background_2024_02_02/break_down_comm,SET_TLM_PROD_RATE,NOMINAL_SCI
2024-02-04 23:13:53,background_2024_02_02/break_down_comm,TX_POWER,"OFF,XBAND"
2024-02-04 23:13:54,background_2024_02_02/break_down_comm,TX_POWER,"OFF,SBAND"
2024-02-04 23:14:00,background_2024_02_02,DO_SCIENCE,"S_HEMI,DAY"
2024-02-04 23:26:10,background_2024_02_02,STOP_SCIENCE,
2024-02-04 23:26:11,background_2024_02_02,ADCS_YAW,180
2024-02-04 23:31:11,background_2024_02_02,DO_SCIENCE,"N_HEMI,DAY"
2024-02-04 23:53:28,background_2024_02_02,STOP_SCIENCE,
2024-02-04 23:54:52,background_2024_02_02,DO_SCIENCE,"N_HEMI,NIGHT"
2024-02-05 00:15:32,background_2024_02_02,STOP_SCIENCE,
2024-02-05 00:15:33,background_2024_02_02,RUN_SEQ,dark_side_calibration
2024-02-05 00:15:33,background_2024_02_02/dark_side_calibration,DARK_SIDE_CALIBRATION,
2024-02-05 00:16:03,background_2024_02_02/dark_side_calibration,DARK_SIDE_CALIBRATION,
2024-02-05 00:16:33,background_2024_02_02/dark_side_calibration,DARK_SIDE_CALIBRATION,
2024-02-05 00:17:03,background_2024_02_02/dark_side_calibration,DARK_SIDE_CALIBRATION,
2024-02-05 00:17:33,background_2024_02_02/dark_side_calibration,DARK_SIDE_CALIBRATION,
2024-02-05 00:18:03,background_2024_02_02/dark_side_calibration,DARK_SIDE_CALIBRATION,
2024-02-05 00:18:33,background_2024_02_02/dark_side_calibration,DARK_SIDE_CALIBRATION,
2024-02-05 00:19:03,background_2024_02_02/dark_side_calibration,DARK_SIDE_CALIBRATION,
2024-02-05 00:19:33,background_2024_02_02/dark_side_calibration,DARK_SIDE_CALIBRATION,
2024-02-05 00:20:03,background_2024_02_02/dark_side_calibration,DARK_SIDE_CALIBRATION,
2024-02-05 00:20:33,background_2024_02_02,DO_SCIENCE,"S_HEMI,NIGHT"
2024-02-05 00:29:36,background_2024_02_02,STOP_SCIENCE,
2024-02-05 00:29:37,background_2024_02_02,DO_SCIENCE,"S_HEMI,DAY"
2024-02-05 00:38:59,background_2024_02_02,STOP_SCIENCE,
2024-02-05 00:39:00,background_2024_02_02,RUN_SEQ,MCO_Sband_setup
2024-02-05 00:39:01,background_2024_02_02/MCO_Sband_setup,TX_POWER,"ON,XBAND"
2024-02-05 00:39:06,background_2024_02_02/MCO_Sband_setup,CLOSE_SCI_PRODUCTS,
2024-02-05 00:39:11,background_2024_02_02/MCO_Sband_setup,FLUSH_DL_BUFFERS,
2024-02-05 00:39:12,background_2024_02_02/MCO_Sband_setup,SET_VCDU,17
2024-02-05 00:39:13,background_2024_02_02/MCO_Sband_setup,SET_TLM_PROD_RATE,XBAND_DL
2024-02-05 00:39:14,background_2024_02_02/MCO_Sband_setup,SET_PLAYBACK_RATE,200_MBPS
2024-02-05 00:39:15,background_2024_02_02/MCO_Sband_setup,START_PLAYBACK,
2024-02-05 00:52:50,background_2024_02_02,RUN_SEQ,break_down_comm
2024-02-05 00:52:51,background_2024_02_02,ADCS_YAW,-180
2024-02-05 00:52:51,background_2024_02_02/break_down_comm,STOP_PLAYBACK,
2024-02-05 00:52:52,background_2024_02_02/break_down_comm,SET_TLM_PROD_RATE,NOMINAL_SCI
2024-02-05 00:52:53,background_2024_02_02/break_down_comm,TX_POWER,"OFF,XBAND"
2024-02-05 00:52:54,background_2024_02_02/break_down_comm,TX_POWER,"OFF,SBAND"
2024-02-05 00:53:00,background_2024_02_02,DO_SCIENCE,"S_HEMI,DAY"
2024-02-05 01:05:03,background_2024_02_02,STOP_SCIENCE,
2024-02-05 01:05:04,background_2024_02_02,ADCS_YAW,180
2024-02-05 01:10:04,background_2024_02_02,DO_SCIENCE,"N_HEMI,DAY"
2024-02-05 01:19:59,background_2024_02_02,STOP_SCIENCE,
2024-02-05 01:20:00,background_2024_02_02,RUN_SEQ,ASF_Sband_setup
2024-02-05 01:20:01,background_2024_02_02/ASF_Sband_setup,TX_POWER,"ON,XBAND"
2024-02-05 01:20:06,background_2024_02_02/ASF_Sband_setup,CLOSE_SCI_PRODUCTS,
2024-02-05 01:20:11,background_2024_02_02/ASF_Sband_setup,FLUSH_DL_BUFFERS,
2024-02-05 01:20:12,background_2024_02_02/ASF_Sband_setup,SET_VCDU,17
2024-02-05 01:20:13,background_2024_02_02/ASF_Sband_setup,SET_TLM_PROD_RATE,XBAND_DL
2024-02-05 01:20:14,background_2024_02_02/ASF_Sband_setup,SET_PLAYBACK_RATE,200_MBPS
2024-02-05 01:20:15,background_2024_02_02/ASF_Sband_setup,START_PLAYBACK,
2024-02-05 01:33:50,background_2024_02_02,RUN_SEQ,break_down_comm
2024-02-05 01:33:51,background_2024_02_02/break_down_comm,STOP_PLAYBACK,
2024-02-05 01:33:52,background_2024_02_02/break_down_comm,SET_TLM_PROD_RATE,NOMINAL_SCI
2024-02-05 01:33:53,background_2024_02_02/break_down_comm,TX_POWER,"OFF,XBAND"
2024-02-05 01:33:54,background_2024_02_02/break_down_comm,TX_POWER,"OFF,SBAND"
2024-02-05 01:34:00,background_2024_02_02,DO_SCIENCE,"N_HEMI,NIGHT"
2024-02-05 01:56:56,background_2024_02_02,STOP_SCIENCE,
2024-02-05 01:56:57,background_2024_02_02,DO_SCIENCE,"S_HEMI,NIGHT"
2024-02-05 02:08:30,background_2024_02_02,STOP_SCIENCE,
2024-02-05 02:08:31,background_2024_02_02,DO_SCIENCE,"S_HEMI,DAY"
2024-02-05 02:18:59,background_2024_02_02,STOP_SCIENCE,
2024-02-05 02:19:00,background_2024_02_02,ADCS_YAW,-180
2024-02-05 02:24:00,background_2024_02_02,DO_SCIENCE,"S_HEMI,DAY"
2024-02-05 02:43:57,background_2024_02_02,STOP_SCIENCE,
2024-02-05 02:43:58,background_2024_02_02,ADCS_YAW,180
2024-02-05 02:48:58,background_2024_02_02,DO_SCIENCE,"N_HEMI,DAY"
2024-02-05 03:00:59,background_2024_02_02,STOP_SCIENCE,
2024-02-05 03:01:00,background_2024_02_02,RUN_SEQ,ASF_Sband_setup
2024-02-05 03:01:01,background_2024_02_02/ASF_Sband_setup,TX_POWER,"ON,XBAND"
2024-02-05 03:01:06,background_2024_02_02/ASF_Sband_setup,CLOSE_SCI_PRODUCTS,
2024-02-05 03:01:11,background_2024_02_02/ASF_Sband_setup,FLUSH_DL_BUFFERS,
2024-02-05 03:01:12,background_2024_02_02/ASF_Sband_setup,SET_VCDU,17
2024-02-05 03:01:13,background_2024_02_02/ASF_Sband_setup,SET_TLM_PROD_RATE,XBAND_DL
2024-02-05 03:01:14,background_2024_02_02/ASF_Sband_setup,SET_PLAYBACK_RATE,200_MBPS
2024-02-05 03:01:15,background_2024_02_02/ASF_Sband_setup,START_PLAYBACK,
2024-02-05 03:14:50,background_2024_02_02,RUN_SEQ,break_down_comm
2024-02-05 03:14:51,background_2024_02_02/break_down_comm,STOP_PLAYBACK,
2024-02-05 03:14:52,background_2024_02_02/break_down_comm,SET_TLM_PROD_RATE,NOMINAL_SCI
2024-02-05 03:14:53,background_2024_02_02/break_down_comm,TX_POWER,"OFF,XBAND"
2024-02-05 03:14:54,background_2024_02_02/break_down_comm,TX_POWER,"OFF,SBAND"
2024-02-05 03:15:00,background_2024_02_02,DO_SCIENCE,"N_HEMI,NIGHT"
2024-02-05 03:35:49,background_2024_02_02,STOP_SCIENCE,
2024-02-05 03:35:50,background_2024_02_02,DO_SCIENCE,"S_HEMI,NIGHT"
2024-02-05 03:47:24,background_2024_02_02,STOP_SCIENCE,
2024-02-05 03:47:25,background_2024_02_02,DO_SCIENCE,"S_HEMI,DAY"
2024-02-05 03:57:59,background_2024_02_02,STOP_SCIENCE,
2024-02-05 03:58:00,background_2024_02_02,ADCS_YAW,-180
2024-02-05 04:03:00,background_2024_02_02,DO_SCIENCE,"S_HEMI,DAY"
2024-02-05 04:22:51,background_2024_02_02,STOP_SCIENCE,
2024-02-05 04:22:52,background_2024_02_02,ADCS_YAW,180
2024-02-05 04:27:52,background_2024_02_02,DO_SCIENCE,"N_HEMI,DAY"
2024-02-05 04:50:28,background_2024_02_02,STOP_SCIENCE,
2024-02-05 04:51:34,background_2024_02_02,DO_SCIENCE,"N_HEMI,NIGHT"
2024-02-05 05:14:43,background_2024_02_02,STOP_SCIENCE,
2024-02-05 05:14:44,background_2024_02_02,DO_SCIENCE,"S_HEMI,NIGHT"
2024-02-05 05:26:18,background_2024_02_02,STOP_SCIENCE,
2024-02-05 05:26:19,background_2024_02_02,DO_SCIENCE,"S_HEMI,DAY"
2024-02-05 05:36:58,background_2024_02_02,STOP_SCIENCE,
2024-02-05 05:36:59,background_2024_02_02,ADCS_YAW,-180
2024-02-05 05:41:59,background_2024_02_02,DO_SCIENCE,"S_HEMI,DAY"
2024-02-05 06:01:44,background_2024_02_02,STOP_SCIENCE,
2024-02-05 06:01:45,background_2024_02_02,ADCS_YAW,180
2024-02-05 06:06:45,background_2024_02_02,DO_SCIENCE,"N_HEMI,DAY"
2024-02-05 06:28:29,background_2024_02_02,STOP_SCIENCE,
2024-02-05 06:30:28,background_2024_02_02,DO_SCIENCE,"N_HEMI,NIGHT"
2024-02-05 06:53:37,background_2024_02_02,STOP_SCIENCE,
2024-02-05 06:53:38,background_2024_02_02,DO_SCIENCE,"S_HEMI,NIGHT"
2024-02-05 07:05:12,background_2024_02_02,STOP_SCIENCE,
2024-02-05 07:05:13,background_2024_02_02,DO_SCIENCE,"S_HEMI,DAY"
2024-02-05 07:15:58,background_2024_02_02,STOP_SCIENCE,
2024-02-05 07:15:59,background_2024_02_02,ADCS_YAW,-180
2024-02-05 07:20:59,background_2024_02_02,DO_SCIENCE,"S_HEMI,DAY"
2024-02-05 07:40:38,background_2024_02_02,STOP_SCIENCE,
2024-02-05 07:40:39,background_2024_02_02,ADCS_YAW,180
2024-02-05 07:45:39,background_2024_02_02,DO_SCIENCE,"N_HEMI,DAY"
2024-02-05 08:05:59,background_2024_02_02,STOP_SCIENCE,
2024-02-05 08:06:00,background_2024_02_02,RUN_SEQ,ASF_Sband_setup
2024-02-05 08:06:01,background_2024_02_02/ASF_Sband_setup,TX_POWER,"ON,XBAND"
2024-02-05 08:06:06,background_2024_02_02/ASF_Sband_setup,CLOSE_SCI_PRODUCTS,
2024-02-05 08:06:11,background_2024_02_02/ASF_Sband_setup,FLUSH_DL_BUFFERS,
2024-02-05 08:06:12,background_2024_02_02/ASF_Sband_setup,SET_VCDU,17
2024-02-05 08:06:13,background_2024_02_02/ASF_Sband_setup,SET_TLM_PROD_RATE,XBAND_DL
2024-02-05 08:06:14,background_2024_02_02/ASF_Sband_setup,SET_PLAYBACK_RATE,200_MBPS
2024-02-05 08:06:15,background_2024_02_02/ASF_Sband_setup,START_PLAYBACK,
2024-02-05 08:19:50,background_2024_02_02,RUN_SEQ,break_down_comm
2024-02-05 08:19:51,background_2024_02_02/break_down_comm,STOP_PLAYBACK,
2024-02-05 08:19:52,background_2024_02_02/break_down_comm,SET_TLM_PROD_RATE,NOMINAL_SCI
2024-02-05 08:19:53,background_2024_02_02/break_down_comm,TX_POWER,"OFF,XBAND"
2024-02-05 08:19:54,background_2024_02_02/break_down_comm,TX_POWER,"OFF,SBAND"
2024-02-05 08:20:00,background_2024_02_02,DO_SCIENCE,"N_HEMI,NIGHT"
2024-02-05 08:32:30,background_2024_02_02,STOP_SCIENCE,
2024-02-05 08:32:31,background_2024_02_02,DO_SCIENCE,"S_HEMI,NIGHT"
2024-02-05 08:44:06,background_2024_02_02,STOP_SCIENCE,
2024-02-05 08:44:07,background_2024_02_02,DO_SCIENCE,"S_HEMI,DAY"
2024-02-05 08:54:58,background_2024_02_02,STOP_SCIENCE,
2024-02-05 08:54:59,background_2024_02_02,ADCS_YAW,-180
2024-02-05 08:59:59,background_2024_02_02,DO_SCIENCE,"S_HEMI,DAY"
2024-02-05 09:19:32,background_2024_02_02,STOP_SCIENCE,
2024-02-05 09:19:33,background_2024_02_02,ADCS_YAW,180
2024-02-05 09:26:00,background_2024_02_02,RUN_SEQ,WGS_Sband_setup
2024-02-05 09:26:01,background_2024_02_02/WGS_Sband_setup,TX_POWER,"ON,XBAND"
2024-02-05 09:26:06,background_2024_02_02/WGS_Sband_setup,CLOSE_SCI_PRODUCTS,
2024-02-05 09:26:11,background_2024_02_02/WGS_Sband_setup,FLUSH_DL_BUFFERS,
2024-02-05 09:26:12,background_2024_02_02/WGS_Sband_setup,SET_VCDU,17
2024-02-05 09:26:13,background_2024_02_02/WGS_Sband_setup,SET_TLM_PROD_RATE,XBAND_DL
2024-02-05 09:26:14,background_2024_02_02/WGS_Sband_setup,SET_PLAYBACK_RATE,200_MBPS
2024-02-05 09:26:15,background_2024_02_02/WGS_Sband_setup,START_PLAYBACK,
2024-02-05 09:40:50,background_2024_02_02,RUN_SEQ,break_down_comm
2024-02-05 09:40:51,background_2024_02_02/break_down_comm,STOP_PLAYBACK,
2024-02-05 09:40:52,background_2024_02_02/break_down_comm,SET_TLM_PROD_RATE,NOMINAL_SCI
2024-02-05 09:40:53,background_2024_02_02/break_down_comm,TX_POWER,"OFF,XBAND"
2024-02-05 09:40:54,background_2024_02_02/break_down_comm,TX_POWER,"OFF,SBAND"
2024-02-05 09:41:00,background_2024_02_02,DO_SCIENCE,"N_HEMI,DAY"
2024-02-05 09:45:59,background_2024_02_02,STOP_SCIENCE,
2024-02-05 09:46:00,background_2024_02_02,RUN_SEQ,ASF_Sband_setup
2024-02-05 09:46:01,background_2024_02_02/ASF_Sband_setup,TX_POWER,"ON,XBAND"
2024-02-05 09:46:06,background_2024_02_02/ASF_Sband_setup,CLOSE_SCI_PRODUCTS,
2024-02-05 09:46:11,background_2024_02_02/ASF_Sband_setup,FLUSH_DL_BUFFERS,
2024-02-05 09:46:12,background_2024_02_02/ASF_Sband_setup,SET_VCDU,17
2024-02-05 09:46:13,background_2024_02_02/ASF_Sband_setup,SET_TLM_PROD_RATE,XBAND_DL
2024-02-05 09:46:14,background_2024_02_02/ASF_Sband_setup,SET_PLAYBACK_RATE,200_MBPS
2024-02-05 09:46:15,background_2024_02_02/ASF_Sband_setup,START_PLAYBACK,
2024-02-05 10:00:50,background_2024_02_02,RUN_SEQ,break_down_comm
2024-02-05 10:00:51,background_2024_02_02/break_down_comm,STOP_PLAYBACK,
2024-02-05 10:00:52,background_2024_02_02/break_down_comm,SET_TLM_PROD_RATE,NOMINAL_SCI
2024-02-05 10:00:53,background_2024_02_02/break_down_comm,TX_POWER,"OFF,XBAND"
2024-02-05 10:00:54,background_2024_02_02/break_down_comm,TX_POWER,"OFF,SBAND"
2024-02-05 10:01:00,background_2024_02_02,DO_SCIENCE,"N_HEMI,NIGHT"
2024-02-05 10:11:24,background_2024_02_02,STOP_SCIENCE,
2024-02-05 10:11:25,background_2024_02_02,DO_SCIENCE,"S_HEMI,NIGHT"
2024-02-05 10:23:00,background_2024_02_02,STOP_SCIENCE,
2024-02-05 10:23:01,background_2024_02_02,DO_SCIENCE,"S_HEMI,DAY"
2024-02-05 10:33:58,background_2024_02_02,STOP_SCIENCE,
2024-02-05 10:33:59,background_2024_02_02,ADCS_YAW,-180
2024-02-05 10:38:59,background_2024_02_02,DO_SCIENCE,"S_HEMI,DAY"
2024-02-05 10:58:25,background_2024_02_02,STOP_SCIENCE,
2024-02-05 10:58:26,background_2024_02_02,ADCS_YAW,180
2024-02-05 11:03:26,background_2024_02_02,DO_SCIENCE,"N_HEMI,DAY"
2024-02-05 11:25:29,background_2024_02_02,STOP_SCIENCE,
2024-02-05 11:27:10,background_2024_02_02,DO_SCIENCE,"N_HEMI,NIGHT"
2024-02-05 11:50:18,background_2024_02_02,STOP_SCIENCE,
2024-02-05 11:50:19,background_2024_02_02,DO_SCIENCE,"S_HEMI,NIGHT"
2024-02-05 12:01:54,background_2024_02_02,STOP_SCIENCE,
2024-02-05 12:01:55,background_2024_02_02,DO_SCIENCE,"S_HEMI,DAY"
2024-02-05 12:12:58,background_2024_02_02,STOP_SCIENCE,
2024-02-05 12:12:59,background_2024_02_02,ADCS_YAW,-180
2024-02-05 12:17:59,background_2024_02_02,DO_SCIENCE,"S_HEMI,DAY"
2024-02-05 12:37:19,background_2024_02_02,STOP_SCIENCE,
2024-02-05 12:37:20,background_2024_02_02,ADCS_YAW,180
2024-02-05 12:42:20,background_2024_02_02,DO_SCIENCE,"N_HEMI,DAY"
2024-02-05 13:04:29,background_2024_02_02,STOP_SCIENCE,
2024-02-05 13:06:04,background_2024_02_02,DO_SCIENCE,"N_HEMI,NIGHT"
2024-02-05 13:26:41,background_2024_02_02,STOP_SCIENCE,
2024-02-05 13:26:42,background_2024_02_02,RUN_SEQ,dark_side_calibration
2024-02-05 13:26:42,background_2024_02_02/dark_side_calibration,DARK_SIDE_CALIBRATION,
2024-02-05 13:27:12,background_2024_02_02/dark_side_calibration,DARK_SIDE_CALIBRATION,
2024-02-05 13:27:42,background_2024_02_02/dark_side_calibration,DARK_SIDE_CALIBRATION,
2024-02-05 13:28:12,background_2024_02_02/dark_side_calibration,DARK_SIDE_CALIBRATION,
2024-02-05 13:28:42,background_2024_02_02/dark_side_calibration,DARK_SIDE_CALIBRATION,
2024-02-05 13:29:12,background_2024_02_02/dark_side_calibration,DARK_SIDE_CALIBRATION,
2024-02-05 13:29:42,background_2024_02_02/dark_side_calibration,DARK_SIDE_CALIBRATION,
2024-02-05 13:30:12,background_2024_02_02/dark_side_calibration,DARK_SIDE_CALIBRATION,
2024-02-05 13:30:42,background_2024_02_02/dark_side_calibration,DARK_SIDE_CALIBRATION,
2024-02-05 13:31:12,background_2024_02_02/dark_side_calibration,DARK_SIDE_CALIBRATION,
2024-02-05 13:31:42,background_2024_02_02,DO_SCIENCE,"S_HEMI,NIGHT"
2024-02-05 13:40:48,background_2024_02_02,STOP_SCIENCE,
2024-02-05 13:40:49,background_2024_02_02,DO_SCIENCE,"S_HEMI,DAY"
2024-02-05 13:50:59,background_2024_02_02,STOP_SCIENCE,
2024-02-05 13:51:00,background_2024_02_02,ADCS_YAW,-180
2024-02-05 13:56:00,background_2024_02_02,DO_SCIENCE,"S_HEMI,DAY"
2024-02-05 14:16:13,background_2024_02_02,STOP_SCIENCE,
2024-02-05 14:16:14,background_2024_02_02,ADCS_YAW,180
2024-02-05 14:21:14,background_2024_02_02,DO_SCIENCE,"N_HEMI,DAY"
2024-02-05 14:43:28,background_2024_02_02,STOP_SCIENCE,
2024-02-05 14:44:58,background_2024_02_02,DO_SCIENCE,"N_HEMI,NIGHT"
2024-02-05 15:08:05,background_2024_02_02,STOP_SCIENCE,
2024-02-05 15:08:06,background_2024_02_02,DO_SCIENCE,"S_HEMI,NIGHT"
2024-02-05 15:19:42,background_2024_02_02,STOP_SCIENCE,
2024-02-05 15:19:43,background_2024_02_02,DO_SCIENCE,"S_HEMI,DAY"
2024-02-05 15:29:59,background_2024_02_02,STOP_SCIENCE,
2024-02-05 15:30:00,background_2024_02_02,ADCS_YAW,-180
2024-02-05 15:35:00,background_2024_02_02,DO_SCIENCE,"S_HEMI,DAY"
2024-02-05 15:55:06,background_2024_02_02,STOP_SCIENCE,
2024-02-05 15:55:07,background_2024_02_02,ADCS_YAW,180
2024-02-05 16:00:07,background_2024_02_02,DO_SCIENCE,"N_HEMI,DAY"
2024-02-05 16:22:28,background_2024_02_02,STOP_SCIENCE,
2024-02-05 16:23:52,background_2024_02_02,DO_SCIENCE,"N_HEMI,NIGHT"
2024-02-05 16:46:59,background_2024_02_02,STOP_SCIENCE,
2024-02-05 16:47:00,background_2024_02_02,DO_SCIENCE,"S_HEMI,NIGHT"
2024-02-05 16:58:36,background_2024_02_02,STOP_SCIENCE,
2024-02-05 17:03:00,background_2024_02_02,RUN_SEQ,MCO_Sband_setup
2024-02-05 17:03:01,background_2024_02_02/MCO_Sband_setup,TX_POWER,"ON,XBAND"
2024-02-05 17:03:06,background_2024_02_02/MCO_Sband_setup,CLOSE_SCI_PRODUCTS,
2024-02-05 17:03:11,background_2024_02_02/MCO_Sband_setup,FLUSH_DL_BUFFERS,
2024-02-05 17:03:12,background_2024_02_02/MCO_Sband_setup,SET_VCDU,17
2024-02-05 17:03:13,background_2024_02_02/MCO_Sband_setup,SET_TLM_PROD_RATE,XBAND_DL
2024-02-05 17:03:14,background_2024_02_02/MCO_Sband_setup,SET_PLAYBACK_RATE,200_MBPS
2024-02-05 17:03:15,background_2024_02_02/MCO_Sband_setup,START_PLAYBACK,
2024-02-05 17:16:50,background_2024_02_02,RUN_SEQ,break_down_comm
2024-02-05 17:16:51,background_2024_02_02,ADCS_YAW,-180
2024-02-05 17:16:51,background_2024_02_02/break_down_comm,STOP_PLAYBACK,
2024-02-05 17:16:52,background_2024_02_02/break_down_comm,SET_TLM_PROD_RATE,NOMINAL_SCI
2024-02-05 17:16:53,background_2024_02_02/break_down_comm,TX_POWER,"OFF,XBAND"
2024-02-05 17:16:54,background_2024_02_02/break_down_comm,TX_POWER,"OFF,SBAND"
2024-02-05 17:17:00,background_2024_02_02,DO_SCIENCE,"S_HEMI,DAY"
2024-02-05 17:34:00,background_2024_02_02,STOP_SCIENCE,
2024-02-05 17:34:01,background_2024_02_02,ADCS_YAW,180
2024-02-05 17:39:01,background_2024_02_02,DO_SCIENCE,"N_HEMI,DAY"
2024-02-05 18:01:28,background_2024_02_02,STOP_SCIENCE,
2024-02-05 18:02:46,background_2024_02_02,DO_SCIENCE,"N_HEMI,NIGHT"
2024-02-05 18:25:52,background_2024_02_02,STOP_SCIENCE,
2024-02-05 18:25:53,background_2024_02_02,DO_SCIENCE,"S_HEMI,NIGHT"
2024-02-05 18:37:30,background_2024_02_02,STOP_SCIENCE,
2024-02-05 18:42:00,background_2024_02_02,RUN_SEQ,MCO_Sband_setup
2024-02-05 18:42:01,background_2024_02_02/MCO_Sband_setup,TX_POWER,"ON,XBAND"
2024-02-05 18:42:06,background_2024_02_02/MCO_Sband_setup,CLOSE_SCI_PRODUCTS,
2024-02-05 18:42:11,background_2024_02_02/MCO_Sband_setup,FLUSH_DL_BUFFERS,
2024-02-05 18:42:12,background_2024_02_02/MCO_Sband_setup,SET_VCDU,17
2024-02-05 18:42:13,background_2024_02_02/MCO_Sband_setup,SET_TLM_PROD_RATE,XBAND_DL
2024-02-05 18:42:14,background_2024_02_02/MCO_Sband_setup,SET_PLAYBACK_RATE,200_MBPS
2024-02-05 18:42:15,background_2024_02_02/MCO_Sband_setup,START_PLAYBACK,
2024-02-05 18:56:50,background_2024_02_02,RUN_SEQ,break_down_comm
2024-02-05 18:56:51,background_2024_02_02,ADCS_YAW,-180
2024-02-05 18:56:51,background_2024_02_02/break_down_comm,STOP_PLAYBACK,
2024-02-05 18:56:52,background_2024_02_02/break_down_comm,SET_TLM_PROD_RATE,NOMINAL_SCI
2024-02-05 18:56:53,background_2024_02_02/break_down_comm,TX_POWER,"OFF,XBAND"
2024-02-05 18:56:54,background_2024_02_02/break_down_comm,TX_POWER,"OFF,SBAND"
2024-02-05 18:57:00,background_2024_02_02,DO_SCIENCE,"S_HEMI,DAY"
2024-02-05 19:12:54,background_2024_02_02,STOP_SCIENCE,
2024-02-05 19:12:55,background_2024_02_02,ADCS_YAW,180
2024-02-05 19:17:55,background_2024_02_02,DO_SCIENCE,"N_HEMI,DAY"
2024-02-05 19:40:28,background_2024_02_02,STOP_SCIENCE,
2024-02-05 19:41:40,background_2024_02_02,DO_SCIENCE,"N_HEMI,NIGHT"
2024-02-05 19:46:59,background_2024_02_02,STOP_SCIENCE,
2024-02-05 19:47:00,background_2024_02_02,RUN_SEQ,WGS_Sband_setup
2024-02-05 19:47:01,background_2024_02_02/WGS_Sband_setup,TX_POWER,"ON,XBAND"
2024-02-05 19:47:06,background_2024_02_02/WGS_Sband_setup,CLOSE_SCI_PRODUCTS,
2024-02-05 19:47:11,background_2024_02_02/WGS_Sband_setup,FLUSH_DL_BUFFERS,
2024-02-05 19:47:12,background_2024_02_02/WGS_Sband_setup,SET_VCDU,17
2024-02-05 19:47:13,background_2024_02_02/WGS_Sband_setup,SET_TLM_PROD_RATE,XBAND_DL
2024-02-05 19:47:14,background_2024_02_02/WGS_Sband_setup,SET_PLAYBACK_RATE,200_MBPS
2024-02-05 19:47:15,background_2024_02_02/WGS_Sband_setup,START_PLAYBACK,
2024-02-05 20:01:50,background_2024_02_02,RUN_SEQ,break_down_comm
2024-02-05 20:01:51,background_2024_02_02/break_down_comm,STOP_PLAYBACK,
2024-02-05 20:01:52,background_2024_02_02/break_down_comm,SET_TLM_PROD_RATE,NOMINAL_SCI
2024-02-05 20:01:53,background_2024_02_02/break_down_comm,TX_POWER,"OFF,XBAND"
2024-02-05 20:01:54,background_2024_02_02/break_down_comm,TX_POWER,"OFF,SBAND"
2024-02-05 20:04:47,background_2024_02_02,DO_SCIENCE,"S_HEMI,NIGHT"
2024-02-05 20:16:23,background_2024_02_02,STOP_SCIENCE,
2024-02-05 20:16:24,background_2024_02_02,DO_SCIENCE,"S_HEMI,DAY"
2024-02-05 20:22:59,background_2024_02_02,STOP_SCIENCE,
2024-02-05 20:23:00,background_2024_02_02,RUN_SEQ,MCO_Sband_setup
2024-02-05 20:23:01,background_2024_02_02/MCO_Sband_setup,TX_POWER,"ON,XBAND"
2024-02-05 20:23:06,background_2024_02_02/MCO_Sband_setup,CLOSE_SCI_PRODUCTS,
2024-02-05 20:23:11,background_2024_02_02/MCO_Sband_setup,FLUSH_DL_BUFFERS,
2024-02-05 20:23:12,background_2024_02_02/MCO_Sband_setup,SET_VCDU,17
2024-02-05 20:23:13,background_2024_02_02/MCO_Sband_setup,SET_TLM_PROD_RATE,XBAND_DL
2024-02-05 20:23:14,background_2024_02_02/MCO_Sband_setup,SET_PLAYBACK_RATE,200_MBPS
2024-02-05 20:23:15,background_2024_02_02/MCO_Sband_setup,START_PLAYBACK,
2024-02-05 20:36:50,background_2024_02_02,RUN_SEQ,break_down_comm
2024-02-05 20:36:51,background_2024_02_02,ADCS_YAW,-180
2024-02-05 20:36:51,background_2024_02_02/break_down_comm,STOP_PLAYBACK,
2024-02-05 20:36:52,background_2024_02_02/break_down_comm,SET_TLM_PROD_RATE,NOMINAL_SCI
2024-02-05 20:36:53,background_2024_02_02/break_down_comm,TX_POWER,"OFF,XBAND"
2024-02-05 20:36:54,background_2024_02_02/break_down_comm,TX_POWER,"OFF,SBAND"
2024-02-05 20:37:00,background_2024_02_02,DO_SCIENCE,"S_HEMI,DAY"
2024-02-05 20:51:47,background_2024_02_02,STOP_SCIENCE,
2024-02-05 20:51:48,background_2024_02_02,ADCS_YAW,180
2024-02-05 20:56:48,background_2024_02_02,DO_SCIENCE,"N_HEMI,DAY"
2024-02-05 21:19:28,background_2024_02_02,STOP_SCIENCE,
2024-02-05 21:20:34,background_2024_02_02,DO_SCIENCE,"N_HEMI,NIGHT"
2024-02-05 21:43:40,background_2024_02_02,STOP_SCIENCE,
2024-02-05 21:43:41,background_2024_02_02,DO_SCIENCE,"S_HEMI,NIGHT"
2024-02-05 21:55:17,background_2024_02_02,STOP_SCIENCE,
2024-02-05 21:55:18,background_2024_02_02,DO_SCIENCE,"S_HEMI,DAY"
2024-02-05 22:02:59,background_2024_02_02,STOP_SCIENCE,
2024-02-05 22:03:00,background_2024_02_02,RUN_SEQ,MCO_Sband_setup
2024-02-05 22:03:01,background_2024_02_02/MCO_Sband_setup,TX_POWER,"ON,XBAND"
2024-02-05 22:03:06,background_2024_02_02/MCO_Sband_setup,CLOSE_SCI_PRODUCTS,
2024-02-05 22:03:11,background_2024_02_02/MCO_Sband_setup,FLUSH_DL_BUFFERS,
2024-02-05 22:03:12,background_2024_02_02/MCO_Sband_setup,SET_VCDU,17
2024-02-05 22:03:13,background_2024_02_02/MCO_Sband_setup,SET_TLM_PROD_RATE,XBAND_DL
2024-02-05 22:03:14,background_2024_02_02/MCO_Sband_setup,SET_PLAYBACK_RATE,200_MBPS
2024-02-05 22:03:15,background_2024_02_02/MCO_Sband_setup,START_PLAYBACK,
2024-02-05 22:17:50,background_2024_02_02,RUN_SEQ,break_down_comm
2024-02-05 22:17:51,background_2024_02_02,ADCS_YAW,-180
2024-02-05 22:17:51,background_2024_02_02/break_down_comm,STOP_PLAYBACK,
2024-02-05 22:17:52,background_2024_02_02/break_down_comm,SET_TLM_PROD_RATE,NOMINAL_SCI
2024-02-05 22:17:53,background_2024_02_02/break_down_comm,TX_POWER,"OFF,XBAND"
2024-02-05 22:17:54,background_2024_02_02/break_down_comm,TX_POWER,"OFF,SBAND"
2024-02-05 22:18:00,background_2024_02_02,DO_SCIENCE,"S_HEMI,DAY"
2024-02-05 22:30:41,background_2024_02_02,STOP_SCIENCE,
2024-02-05 22:30:42,background_2024_02_02,ADCS_YAW,180
2024-02-05 22:35:42,background_2024_02_02,DO_SCIENCE,"N_HEMI,DAY"
2024-02-05 22:57:29,background_2024_02_02,STOP_SCIENCE,
2024-02-05 22:59:28,background_2024_02_02,DO_SCIENCE,"N_HEMI,NIGHT"
2024-02-05 23:22:33,background_2024_02_02,STOP_SCIENCE,
2024-02-05 23:22:34,background_2024_02_02,DO_SCIENCE,"S_HEMI,NIGHT"
2024-02-05 23:34:11,background_2024_02_02,STOP_SCIENCE,
2024-02-05 23:34:12,background_2024_02_02,DO_SCIENCE,"S_HEMI,DAY"
2024-02-05 23:42:59,background_2024_02_02,STOP_SCIENCE,
2024-02-05 23:43:00,background_2024_02_02,RUN_SEQ,MCO_Sband_setup
2024-02-05 23:43:01,background_2024_02_02/MCO_Sband_setup,TX_POWER,"ON,XBAND"
2024-02-05 23:43:06,background_2024_02_02/MCO_Sband_setup,CLOSE_SCI_PRODUCTS,
2024-02-05 23:43:11,background_2024_02_02/MCO_Sband_setup,FLUSH_DL_BUFFERS,
2024-02-05 23:43:12,background_2024_02_02/MCO_Sband_setup,SET_VCDU,17
2024-02-05 23:43:13,background_2024_02_02/MCO_Sband_setup,SET_TLM_PROD_RATE,XBAND_DL
2024-02-05 23:43:14,background_2024_02_02/MCO_Sband_setup,SET_PLAYBACK_RATE,200_MBPS
2024-02-05 23:43:15,background_2024_02_02/MCO_Sband_setup,START_PLAYBACK,
2024-02-05 23:57:50,background_2024_02_02,RUN_SEQ,break_down_comm
2024-02-05 23:57:51,background_2024_02_02,ADCS_YAW,-180
2024-02-05 23:57:51,background_2024_02_02/break_down_comm,STOP_PLAYBACK,
2024-02-05 23:57:52,background_2024_02_02/break_down_comm,SET_TLM_PROD_RATE,NOMINAL_SCI
2024-02-05 23:57:53,background_2024_02_02/break_down_comm,TX_POWER,"OFF,XBAND"
2024-02-05 23:57:54,background_2024_02_02/break_down_comm,TX_POWER,"OFF,SBAND"
2024-02-05 23:58:00,background_2024_02_02,DO_SCIENCE,"S_HEMI,DAY"
2024-02-06 00:09:35,background_2024_02_02,STOP_SCIENCE,
2024-02-06 00:09:36,background_2024_02_02,ADCS_YAW,180
2024-02-06 00:14:36,background_2024_02_02,DO_SCIENCE,"N_HEMI,DAY"
2024-02-06 00:23:59,background_2024_02_02,STOP_SCIENCE,
2024-02-06 00:24:00,background_2024_02_02,RUN_SEQ,ASF_Sband_setup
2024-02-06 00:24:01,background_2024_02_02/ASF_Sband_setup,TX_POWER,"ON,XBAND"
2024-02-06 00:24:06,background_2024_02_02/ASF_Sband_setup,CLOSE_SCI_PRODUCTS,
2024-02-06 00:24:11,background_2024_02_02/ASF_Sband_setup,FLUSH_DL_BUFFERS,
2024-02-06 00:24:12,background_2024_02_02/ASF_Sband_setup,SET_VCDU,17
2024-02-06 00:24:13,background_2024_02_02/ASF_Sband_setup,SET_TLM_PROD_RATE,XBAND_DL
2024-02-06 00:24:14,background_2024_02_02/ASF_Sband_setup,SET_PLAYBACK_RATE,200_MBPS
2024-02-06 00:24:15,background_2024_02_02/ASF_Sband_setup,START_PLAYBACK,
2024-02-06 00:37:50,background_2024_02_02,RUN_SEQ,break_down_comm
2024-02-06 00:37:51,background_2024_02_02/break_down_comm,STOP_PLAYBACK,
2024-02-06 00:37:52,background_2024_02_02/break_down_comm,SET_TLM_PROD_RATE,NOMINAL_SCI
2024-02-06 00:37:53,background_2024_02_02/break_down_comm,TX_POWER,"OFF,XBAND"
2024-02-06 00:37:54,background_2024_02_02/break_down_comm,TX_POWER,"OFF,SBAND"
2024-02-06 00:38:21,background_2024_02_02,DO_SCIENCE,"N_HEMI,NIGHT"
2024-02-06 00:58:57,background_2024_02_02,STOP_SCIENCE,
2024-02-06 00:58:58,background_2024_02_02,RUN_SEQ,dark_side_calibration
2024-02-06 00:58:58,background_2024_02_02/dark_side_calibration,DARK_SIDE_CALIBRATION,
2024-02-06 00:59:28,background_2024_02_02/dark_side_calibration,DARK_SIDE_CALIBRATION,
2024-02-06 00:59:58,background_2024_02_02/dark_side_calibration,DARK_SIDE_CALIBRATION,
2024-02-06 01:00:28,background_2024_02_02/dark_side_calibration,DARK_SIDE_CALIBRATION,
2024-02-06 01:00:58,background_2024_02_02/dark_side_calibration,DARK_SIDE_CALIBRATION,
2024-02-06 01:01:28,background_2024_02_02/dark_side_calibration,DARK_SIDE_CALIBRATION,
2024-02-06 01:01:58,background_2024_02_02/dark_side_calibration,DARK_SIDE_CALIBRATION,
2024-02-06 01:02:28,background_2024_02_02/dark_side_calibration,DARK_SIDE_CALIBRATION,
2024-02-06 01:02:58,background_2024_02_02/dark_side_calibration,DARK_SIDE_CALIBRATION,
2024-02-06 01:03:28,background_2024_02_02/dark_side_calibration,DARK_SIDE_CALIBRATION,
2024-02-06 01:03:58,background_2024_02_02,DO_SCIENCE,"S_HEMI,NIGHT"
2024-02-06 01:13:05,background_2024_02_02,STOP_SCIENCE,
2024-02-06 01:13:06,background_2024_02_02,DO_SCIENCE,"S_HEMI,DAY"
2024-02-06 01:23:58,background_2024_02_02,STOP_SCIENCE,
2024-02-06 01:23:59,background_2024_02_02,ADCS_YAW,-180
2024-02-06 01:28:59,background_2024_02_02,DO_SCIENCE,"S_HEMI,DAY"
2024-02-06 01:48:29,background_2024_02_02,STOP_SCIENCE,
2024-02-06 01:48:30,background_2024_02_02,ADCS_YAW,180
2024-02-06 01:53:30,background_2024_02_02,DO_SCIENCE,"N_HEMI,DAY"
2024-02-06 02:03:59,background_2024_02_02,STOP_SCIENCE,
2024-02-06 02:04:00,background_2024_02_02,RUN_SEQ,ASF_Sband_setup
2024-02-06 02:04:01,background_2024_02_02/ASF_Sband_setup,TX_POWER,"ON,XBAND"
2024-02-06 02:04:06,background_2024_02_02/ASF_Sband_setup,CLOSE_SCI_PRODUCTS,
2024-02-06 02:04:11,background_2024_02_02/ASF_Sband_setup,FLUSH_DL_BUFFERS,
2024-02-06 02:04:12,background_2024_02_02/ASF_Sband_setup,SET_VCDU,17
2024-02-06 02:04:13,background_2024_02_02/ASF_Sband_setup,SET_TLM_PROD_RATE,XBAND_DL
2024-02-06 02:04:14,background_2024_02_02/ASF_Sband_setup,SET_PLAYBACK_RATE,200_MBPS
2024-02-06 02:04:15,background_2024_02_02/ASF_Sband_setup,START_PLAYBACK,
2024-02-06 02:17:50,background_2024_02_02,RUN_SEQ,break_down_comm
2024-02-06 02:17:51,background_2024_02_02/break_down_comm,STOP_PLAYBACK,
2024-02-06 02:17:52,background_2024_02_02/break_down_comm,SET_TLM_PROD_RATE,NOMINAL_SCI
2024-02-06 02:17:53,background_2024_02_02/break_down_comm,TX_POWER,"OFF,XBAND"
2024-02-06 02:17:54,background_2024_02_02/break_down_comm,TX_POWER,"OFF,SBAND"
2024-02-06 02:18:00,background_2024_02_02,DO_SCIENCE,"N_HEMI,NIGHT"
2024-02-06 02:40:21,background_2024_02_02,STOP_SCIENCE,
2024-02-06 02:40:22,background_2024_02_02,DO_SCIENCE,"S_HEMI,NIGHT"
2024-02-06 02:51:59,background_2024_02_02,STOP_SCIENCE,
2024-02-06 02:52:00,background_2024_02_02,DO_SCIENCE,"S_HEMI,DAY"
2024-02-06 03:02:58,background_2024_02_02,STOP_SCIENCE,
2024-02-06 03:02:59,background_2024_02_02,ADCS_YAW,-180
2024-02-06 03:07:59,background_2024_02_02,DO_SCIENCE,"S_HEMI,DAY"
2024-02-06 03:27:22,background_2024_02_02,STOP_SCIENCE,
2024-02-06 03:27:23,background_2024_02_02,ADCS_YAW,180
2024-02-06 03:32:23,background_2024_02_02,DO_SCIENCE,"N_HEMI,DAY"
2024-02-06 03:54:29,background_2024_02_02,STOP_SCIENCE,
2024-02-06 03:56:09,background_2024_02_02,DO_SCIENCE,"N_HEMI,NIGHT"
2024-02-06 04:19:14,background_2024_02_02,STOP_SCIENCE,
2024-02-06 04:19:15,background_2024_02_02,DO_SCIENCE,"S_HEMI,NIGHT"
2024-02-06 04:30:53,background_2024_02_02,STOP_SCIENCE,
2024-02-06 04:30:54,background_2024_02_02,DO_SCIENCE,"S_HEMI,DAY"
2024-02-06 04:41:58,background_2024_02_02,STOP_SCIENCE,
2024-02-06 04:41:59,background_2024_02_02,ADCS_YAW,-180
2024-02-06 04:46:59,background_2024_02_02,DO_SCIENCE,"S_HEMI,DAY"
2024-02-06 05:06:16,background_2024_02_02,STOP_SCIENCE,
2024-02-06 05:06:17,background_2024_02_02,ADCS_YAW,180
2024-02-06 05:11:17,background_2024_02_02,DO_SCIENCE,"N_HEMI,DAY"
2024-02-06 05:33:28,background_2024_02_02,STOP_SCIENCE,
2024-02-06 05:35:03,background_2024_02_02,DO_SCIENCE,"N_HEMI,NIGHT"
2024-02-06 05:58:08,background_2024_02_02,STOP_SCIENCE,
2024-02-06 05:58:09,background_2024_02_02,DO_SCIENCE,"S_HEMI,NIGHT"
2024-02-06 06:09:47,background_2024_02_02,STOP_SCIENCE,
2024-02-06 06:09:48,background_2024_02_02,DO_SCIENCE,"S_HEMI,DAY"
2024-02-06 06:19:59,background_2024_02_02,STOP_SCIENCE,
2024-02-06 06:20:00,background_2024_02_02,ADCS_YAW,-180
2024-02-06 06:25:00,background_2024_02_02,DO_SCIENCE,"S_HEMI,DAY"
2024-02-06 06:45:10,background_2024_02_02,STOP_SCIENCE,
2024-02-06 06:45:11,background_2024_02_02,ADCS_YAW,180
2024-02-06 06:50:11,background_2024_02_02,DO_SCIENCE,"N_HEMI,DAY"
2024-02-06 07:12:28,background_2024_02_02,STOP_SCIENCE,
2024-02-06 07:13:57,background_2024_02_02,DO_SCIENCE,"N_HEMI,NIGHT"
2024-02-06 07:37:02,background_2024_02_02,STOP_SCIENCE,
2024-02-06 07:37:03,background_2024_02_02,DO_SCIENCE,"S_HEMI,NIGHT"
2024-02-06 07:48:41,background_2024_02_02,STOP_SCIENCE,
2024-02-06 07:48:42,background_2024_02_02,DO_SCIENCE,"S_HEMI,DAY"
2024-02-06 07:58:59,background_2024_02_02,STOP_SCIENCE,
2024-02-06 07:59:00,background_2024_02_02,ADCS_YAW,-180
2024-02-06 08:04:00,background_2024_02_02,DO_SCIENCE,"S_HEMI,DAY"
2024-02-06 08:24:03,background_2024_02_02,STOP_SCIENCE,
2024-02-06 08:24:04,background_2024_02_02,ADCS_YAW,180
2024-02-06 08:31:00,background_2024_02_02,RUN_SEQ,WGS_Sband_setup
2024-02-06 08:31:01,background_2024_02_02/WGS_Sband_setup,TX_POWER,"ON,XBAND"
2024-02-06 08:31:06,background_2024_02_02/WGS_Sband_setup,CLOSE_SCI_PRODUCTS,
2024-02-06 08:31:11,background_2024_02_02/WGS_Sband_setup,FLUSH_DL_BUFFERS,
2024-02-06 08:31:12,background_2024_02_02/WGS_Sband_setup,SET_VCDU,17
2024-02-06 08:31:13,background_2024_02_02/WGS_Sband_setup,SET_TLM_PROD_RATE,XBAND_DL
2024-02-06 08:31:14,background_2024_02_02/WGS_Sband_setup,SET_PLAYBACK_RATE,200_MBPS
2024-02-06 08:31:15,background_2024_02_02/WGS_Sband_setup,START_PLAYBACK,
2024-02-06 08:43:50,background_2024_02_02,RUN_SEQ,break_down_comm
2024-02-06 08:43:51,background_2024_02_02/break_down_comm,STOP_PLAYBACK,
2024-02-06 08:43:52,background_2024_02_02/break_down_comm,SET_TLM_PROD_RATE,NOMINAL_SCI
2024-02-06 08:43:53,background_2024_02_02/break_down_comm,TX_POWER,"OFF,XBAND"
2024-02-06 08:43:54,background_2024_02_02/break_down_comm,TX_POWER,"OFF,SBAND"
2024-02-06 08:44:00,background_2024_02_02,DO_SCIENCE,"N_HEMI,DAY"
2024-02-06 08:49:59,background_2024_02_02,STOP_SCIENCE,
2024-02-06 08:50:00,background_2024_02_02,RUN_SEQ,ASF_Sband_setup
2024-02-06 08:50:01,background_2024_02_02/ASF_Sband_setup,TX_POWER,"ON,XBAND"
2024-02-06 08:50:06,background_2024_02_02/ASF_Sband_setup,CLOSE_SCI_PRODUCTS,
2024-02-06 08:50:11,background_2024_02_02/ASF_Sband_setup,FLUSH_DL_BUFFERS,
2024-02-06 08:50:12,background_2024_02_02/ASF_Sband_setup,SET_VCDU,17
2024-02-06 08:50:13,background_2024_02_02/ASF_Sband_setup,SET_TLM_PROD_RATE,XBAND_DL
2024-02-06 08:50:14,background_2024_02_02/ASF_Sband_setup,SET_PLAYBACK_RATE,200_MBPS
2024-02-06 08:50:15,background_2024_02_02/ASF_Sband_setup,START_PLAYBACK,
2024-02-06 09:03:50,background_2024_02_02,RUN_SEQ,break_down_comm
2024-02-06 09:03:51,background_2024_02_02/break_down_comm,STOP_PLAYBACK,
2024-02-06 09:03:52,background_2024_02_02/break_down_comm,SET_TLM_PROD_RATE,NOMINAL_SCI
2024-02-06 09:03:53,background_2024_02_02/break_down_comm,TX_POWER,"OFF,XBAND"
2024-02-06 09:03:54,background_2024_02_02/break_down_comm,TX_POWER,"OFF,SBAND"
2024-02-06 09:04:00,background_2024_02_02,DO_SCIENCE,"N_HEMI,NIGHT"
2024-02-06 09:15:55,background_2024_02_02,STOP_SCIENCE,
2024-02-06 09:15:56,background_2024_02_02,DO_SCIENCE,"S_HEMI,NIGHT"
2024-02-06 09:27:35,background_2024_02_02,STOP_SCIENCE,
2024-02-06 09:27:36,background_2024_02_02,DO_SCIENCE,"S_HEMI,DAY"
2024-02-06 09:37:59,background_2024_02_02,STOP_SCIENCE,
2024-02-06 09:38:00,background_2024_02_02,ADCS_YAW,-180
2024-02-06 09:43:00,background_2024_02_02,DO_SCIENCE,"S_HEMI,DAY"
2024-02-06 10:02:57,background_2024_02_02,STOP_SCIENCE,
2024-02-06 10:02:58,background_2024_02_02,ADCS_YAW,180
2024-02-06 10:07:58,background_2024_02_02,DO_SCIENCE,"N_HEMI,DAY"
2024-02-06 10:30:28,background_2024_02_02,STOP_SCIENCE,
2024-02-06 10:31:00,background_2024_02_02,RUN_SEQ,ASF_Sband_setup
2024-02-06 10:31:01,background_2024_02_02/ASF_Sband_setup,TX_POWER,"ON,XBAND"
2024-02-06 10:31:06,background_2024_02_02/ASF_Sband_setup,CLOSE_SCI_PRODUCTS,
2024-02-06 10:31:11,background_2024_02_02/ASF_Sband_setup,FLUSH_DL_BUFFERS,
2024-02-06 10:31:12,background_2024_02_02/ASF_Sband_setup,SET_VCDU,17
2024-02-06 10:31:13,background_2024_02_02/ASF_Sband_setup,SET_TLM_PROD_RATE,XBAND_DL
2024-02-06 10:31:14,background_2024_02_02/ASF_Sband_setup,SET_PLAYBACK_RATE,200_MBPS
2024-02-06 10:31:15,background_2024_02_02/ASF_Sband_setup,START_PLAYBACK,
2024-02-06 10:43:50,background_2024_02_02,RUN_SEQ,break_down_comm
2024-02-06 10:43:51,background_2024_02_02/break_down_comm,STOP_PLAYBACK,
2024-02-06 10:43:52,background_2024_02_02/break_down_comm,SET_TLM_PROD_RATE,NOMINAL_SCI
2024-02-06 10:43:53,background_2024_02_02/break_down_comm,TX_POWER,"OFF,XBAND"
2024-02-06 10:43:54,background_2024_02_02/break_down_comm,TX_POWER,"OFF,SBAND"
2024-02-06 10:44:00,background_2024_02_02,DO_SCIENCE,"N_HEMI,NIGHT"
2024-02-06 10:54:49,background_2024_02_02,STOP_SCIENCE,
2024-02-06 10:54:50,background_2024_02_02,DO_SCIENCE,"S_HEMI,NIGHT"
2024-02-06 11:06:29,background_2024_02_02,STOP_SCIENCE,
2024-02-06 11:06:30,background_2024_02_02,DO_SCIENCE,"S_HEMI,DAY"
2024-02-06 11:16:59,background_2024_02_02,STOP_SCIENCE,
2024-02-06 11:17:00,background_2024_02_02,ADCS_YAW,-180
2024-02-06 11:22:00,background_2024_02_02,DO_SCIENCE,"S_HEMI,DAY"
2024-02-06 11:41:51,background_2024_02_02,STOP_SCIENCE,
2024-02-06 11:41:52,background_2024_02_02,ADCS_YAW,180
2024-02-06 11:46:52,background_2024_02_02,DO_SCIENCE,"N_HEMI,DAY"
2024-02-06 12:09:28,background_2024_02_02,STOP_SCIENCE,
2024-02-06 12:10:39,background_2024_02_02,DO_SCIENCE,"N_HEMI,NIGHT"
2024-02-06 12:31:13,background_2024_02_02,STOP_SCIENCE,
2024-02-06 12:31:14,background_2024_02_02,RUN_SEQ,dark_side_calibration
2024-02-06 12:31:14,background_2024_02_02/dark_side_calibration,DARK_SIDE_CALIBRATION,
2024-02-06 12:31:44,background_2024_02_02/dark_side_calibration,DARK_SIDE_CALIBRATION,
2024-02-06 12:32:14,background_2024_02_02/dark_side_calibration,DARK_SIDE_CALIBRATION,
2024-02-06 12:32:44,background_2024_02_02/dark_side_calibration,DARK_SIDE_CALIBRATION,
2024-02-06 12:33:14,background_2024_02_02/dark_side_calibration,DARK_SIDE_CALIBRATION,
2024-02-06 12:33:44,background_2024_02_02/dark_side_calibration,DARK_SIDE_CALIBRATION,
2024-02-06 12:34:14,background_2024_02_02/dark_side_calibration,DARK_SIDE_CALIBRATION,
2024-02-06 12:34:44,background_2024_02_02/dark_side_calibration,DARK_SIDE_CALIBRATION,
2024-02-06 12:35:14,background_2024_02_02/dark_side_calibration,DARK_SIDE_CALIBRATION,
2024-02-06 12:35:44,background_2024_02_02/dark_side_calibration,DARK_SIDE_CALIBRATION,
2024-02-06 12:36:14,background_2024_02_02,DO_SCIENCE,"S_HEMI,NIGHT"
2024-02-06 12:45:23,background_2024_02_02,STOP_SCIENCE,
2024-02-06 12:45:24,background_2024_02_02,DO_SCIENCE,"S_HEMI,DAY"
2024-02-06 12:55:58,background_2024_02_02,STOP_SCIENCE,
2024-02-06 12:55:59,background_2024_02_02,ADCS_YAW,-180
2024-02-06 13:00:59,background_2024_02_02,DO_SCIENCE,"S_HEMI,DAY"
2024-02-06 13:20:44,background_2024_02_02,STOP_SCIENCE,
2024-02-06 13:20:45,background_2024_02_02,ADCS_YAW,180
2024-02-06 13:25:45,background_2024_02_02,DO_SCIENCE,"N_HEMI,DAY"
2024-02-06 13:47:29,background_2024_02_02,STOP_SCIENCE,
2024-02-06 13:49:33,background_2024_02_02,DO_SCIENCE,"N_HEMI,NIGHT"
2024-02-06 14:12:36,background_2024_02_02,STOP_SCIENCE,
2024-02-06 14:12:37,background_2024_02_02,DO_SCIENCE,"S_HEMI,NIGHT"
2024-02-06 14:24:17,background_2024_02_02,STOP_SCIENCE,
2024-02-06 14:24:18,background_2024_02_02,DO_SCIENCE,"S_HEMI,DAY"
2024-02-06 14:34:58,background_2024_02_02,STOP_SCIENCE,
2024-02-06 14:34:59,background_2024_02_02,ADCS_YAW,-180
2024-02-06 14:39:59,background_2024_02_02,DO_SCIENCE,"S_HEMI,DAY"
2024-02-06 14:59:38,background_2024_02_02,STOP_SCIENCE,
2024-02-06 14:59:39,background_2024_02_02,ADCS_YAW,180
2024-02-06 15:04:39,background_2024_02_02,DO_SCIENCE,"N_HEMI,DAY"
2024-02-06 15:26:29,background_2024_02_02,STOP_SCIENCE,
2024-02-06 15:28:27,background_2024_02_02,DO_SCIENCE,"N_HEMI,NIGHT"
2024-02-06 15:51:30,background_2024_02_02,STOP_SCIENCE,
2024-02-06 15:51:31,background_2024_02_02,DO_SCIENCE,"S_HEMI,NIGHT"
2024-02-06 16:03:11,background_2024_02_02,STOP_SCIENCE,
2024-02-06 16:07:00,background_2024_02_02,RUN_SEQ,MCO_Sband_setup
2024-02-06 16:07:01,background_2024_02_02/MCO_Sband_setup,TX_POWER,"ON,XBAND"
2024-02-06 16:07:06,background_2024_02_02/MCO_Sband_setup,CLOSE_SCI_PRODUCTS,
2024-02-06 16:07:11,background_2024_02_02/MCO_Sband_setup,FLUSH_DL_BUFFERS,
2024-02-06 16:07:12,background_2024_02_02/MCO_Sband_setup,SET_VCDU,17
2024-02-06 16:07:13,background_2024_02_02/MCO_Sband_setup,SET_TLM_PROD_RATE,XBAND_DL
2024-02-06 16:07:14,background_2024_02_02/MCO_Sband_setup,SET_PLAYBACK_RATE,200_MBPS
2024-02-06 16:07:15,background_2024_02_02/MCO_Sband_setup,START_PLAYBACK,
2024-02-06 16:20:50,background_2024_02_02,RUN_SEQ,break_down_comm
2024-02-06 16:20:51,background_2024_02_02,ADCS_YAW,-180
2024-02-06 16:20:51,background_2024_02_02/break_down_comm,STOP_PLAYBACK,
2024-02-06 16:20:52,background_2024_02_02/break_down_comm,SET_TLM_PROD_RATE,NOMINAL_SCI
2024-02-06 16:20:53,background_2024_02_02/break_down_comm,TX_POWER,"OFF,XBAND"
2024-02-06 16:20:54,background_2024_02_02/break_down_comm,TX_POWER,"OFF,SBAND"
2024-02-06 16:21:00,background_2024_02_02,DO_SCIENCE,"S_HEMI,DAY"
2024-02-06 16:38:32,background_2024_02_02,STOP_SCIENCE,
2024-02-06 16:38:33,background_2024_02_02,ADCS_YAW,180
2024-02-06 16:43:33,background_2024_02_02,DO_SCIENCE,"N_HEMI,DAY"
2024-02-06 17:05:29,background_2024_02_02,STOP_SCIENCE,
2024-02-06 17:07:21,background_2024_02_02,DO_SCIENCE,"N_HEMI,NIGHT"
2024-02-06 17:30:24,background_2024_02_02,STOP_SCIENCE,
2024-02-06 17:30:25,background_2024_02_02,DO_SCIENCE,"S_HEMI,NIGHT"
2024-02-06 17:42:05,background_2024_02_02,STOP_SCIENCE,
2024-02-06 17:46:00,background_2024_02_02,RUN_SEQ,MCO_Sband_setup
2024-02-06 17:46:01,background_2024_02_02/MCO_Sband_setup,TX_POWER,"ON,XBAND"
2024-02-06 17:46:06,background_2024_02_02/MCO_Sband_setup,CLOSE_SCI_PRODUCTS,
2024-02-06 17:46:11,background_2024_02_02/MCO_Sband_setup,FLUSH_DL_BUFFERS,
2024-02-06 17:46:12,background_2024_02_02/MCO_Sband_setup,SET_VCDU,17
2024-02-06 17:46:13,background_2024_02_02/MCO_Sband_setup,SET_TLM_PROD_RATE,XBAND_DL
2024-02-06 17:46:14,background_2024_02_02/MCO_Sband_setup,SET_PLAYBACK_RATE,200_MBPS
2024-02-06 17:46:15,background_2024_02_02/MCO_Sband_setup,START_PLAYBACK,
2024-02-06 18:00:50,background_2024_02_02,RUN_SEQ,break_down_comm
2024-02-06 18:00:51,background_2024_02_02,ADCS_YAW,-180
2024-02-06 18:00:51,background_2024_02_02/break_down_comm,STOP_PLAYBACK,
2024-02-06 18:00:52,background_2024_02_02/break_down_comm,SET_TLM_PROD_RATE,NOMINAL_SCI
2024-02-06 18:00:53,background_2024_02_02/break_down_comm,TX_POWER,"OFF,XBAND"
2024-02-06 18:00:54,background_2024_02_02/break_down_comm,TX_POWER,"OFF,SBAND"
2024-02-06 18:01:00,background_2024_02_02,DO_SCIENCE,"S_HEMI,DAY"
2024-02-06 18:17:25,background_2024_02_02,STOP_SCIENCE,
2024-02-06 18:17:26,background_2024_02_02,ADCS_YAW,180
2024-02-06 18:22:26,background_2024_02_02,DO_SCIENCE,"N_HEMI,DAY"
2024-02-06 18:44:29,background_2024_02_02,STOP_SCIENCE,
2024-02-06 18:46:15,background_2024_02_02,DO_SCIENCE,"N_HEMI,NIGHT"
2024-02-06 19:09:17,background_2024_02_02,STOP_SCIENCE,
2024-02-06 19:09:18,background_2024_02_02,DO_SCIENCE,"S_HEMI,NIGHT"
2024-02-06 19:20:59,background_2024_02_02,STOP_SCIENCE,
2024-02-06 19:26:00,background_2024_02_02,RUN_SEQ,MCO_Sband_setup
2024-02-06 19:26:01,background_2024_02_02/MCO_Sband_setup,TX_POWER,"ON,XBAND"
2024-02-06 19:26:06,background_2024_02_02/MCO_Sband_setup,CLOSE_SCI_PRODUCTS,
2024-02-06 19:26:11,background_2024_02_02/MCO_Sband_setup,FLUSH_DL_BUFFERS,
2024-02-06 19:26:12,background_2024_02_02/MCO_Sband_setup,SET_VCDU,17
2024-02-06 19:26:13,background_2024_02_02/MCO_Sband_setup,SET_TLM_PROD_RATE,XBAND_DL
2024-02-06 19:26:14,background_2024_02_02/MCO_Sband_setup,SET_PLAYBACK_RATE,200_MBPS
2024-02-06 19:26:15,background_2024_02_02/MCO_Sband_setup,START_PLAYBACK,
2024-02-06 19:40:50,background_2024_02_02,RUN_SEQ,break_down_comm
2024-02-06 19:40:51,background_2024_02_02,ADCS_YAW,-180
2024-02-06 19:40:51,background_2024_02_02/break_down_comm,STOP_PLAYBACK,
2024-02-06 19:40:52,background_2024_02_02/break_down_comm,SET_TLM_PROD_RATE,NOMINAL_SCI
2024-02-06 19:40:53,background_2024_02_02/break_down_comm,TX_POWER,"OFF,XBAND"
2024-02-06 19:40:54,background_2024_02_02/break_down_comm,TX_POWER,"OFF,SBAND"
2024-02-06 19:41:00,background_2024_02_02,DO_SCIENCE,"S_HEMI,DAY"
2024-02-06 19:56:19,background_2024_02_02,STOP_SCIENCE,
2024-02-06 19:56:20,background_2024_02_02,ADCS_YAW,180
2024-02-06 20:01:20,background_2024_02_02,DO_SCIENCE,"N_HEMI,DAY"
2024-02-06 20:23:29,background_2024_02_02,STOP_SCIENCE,
2024-02-06 20:25:09,background_2024_02_02,DO_SCIENCE,"N_HEMI,NIGHT"
2024-02-06 20:48:11,background_2024_02_02,STOP_SCIENCE,
2024-02-06 20:48:12,background_2024_02_02,DO_SCIENCE,"S_HEMI,NIGHT"
2024-02-06 20:59:53,background_2024_02_02,STOP_SCIENCE,
2024-02-06 20:59:54,background_2024_02_02,DO_SCIENCE,"S_HEMI,DAY"
2024-02-06 21:06:59,background_2024_02_02,STOP_SCIENCE,
2024-02-06 21:07:00,background_2024_02_02,RUN_SEQ,MCO_Sband_setup
2024-02-06 21:07:01,background_2024_02_02/MCO_Sband_setup,TX_POWER,"ON,XBAND"
2024-02-06 21:07:06,background_2024_02_02/MCO_Sband_setup,CLOSE_SCI_PRODUCTS,
2024-02-06 21:07:11,background_2024_02_02/MCO_Sband_setup,FLUSH_DL_BUFFERS,
2024-02-06 21:07:12,background_2024_02_02/MCO_Sband_setup,SET_VCDU,17
2024-02-06 21:07:13,background_2024_02_02/MCO_Sband_setup,SET_TLM_PROD_RATE,XBAND_DL
2024-02-06 21:07:14,background_2024_02_02/MCO_Sband_setup,SET_PLAYBACK_RATE,200_MBPS
2024-02-06 21:07:15,background_2024_02_02/MCO_Sband_setup,START_PLAYBACK,
2024-02-06 21:20:50,background_2024_02_02,RUN_SEQ,break_down_comm
2024-02-06 21:20:51,background_2024_02_02,ADCS_YAW,-180
2024-02-06 21:20:51,background_2024_02_02/break_down_comm,STOP_PLAYBACK,
2024-02-06 21:20:52,background_2024_02_02/break_down_comm,SET_TLM_PROD_RATE,NOMINAL_SCI
2024-02-06 21:20:53,background_2024_02_02/break_down_comm,TX_POWER,"OFF,XBAND"
2024-02-06 21:20:54,background_2024_02_02/break_down_comm,TX_POWER,"OFF,SBAND"
2024-02-06 21:21:00,background_2024_02_02,DO_SCIENCE,"S_HEMI,DAY"
2024-02-06 21:35:13,background_2024_02_02,STOP_SCIENCE,
2024-02-06 21:35:14,background_2024_02_02,ADCS_YAW,180
2024-02-06 21:40:14,background_2024_02_02,DO_SCIENCE,"N_HEMI,DAY"
2024-02-06 22:02:28,background_2024_02_02,STOP_SCIENCE,
2024-02-06 22:04:03,background_2024_02_02,DO_SCIENCE,"N_HEMI,NIGHT"
2024-02-06 22:27:05,background_2024_02_02,STOP_SCIENCE,
2024-02-06 22:27:06,background_2024_02_02,DO_SCIENCE,"S_HEMI,NIGHT"
2024-02-06 22:38:47,background_2024_02_02,STOP_SCIENCE,
2024-02-06 22:38:48,background_2024_02_02,DO_SCIENCE,"S_HEMI,DAY"
2024-02-06 22:46:59,background_2024_02_02,STOP_SCIENCE,
2024-02-06 22:47:00,background_2024_02_02,RUN_SEQ,MCO_Sband_setup
2024-02-06 22:47:01,background_2024_02_02/MCO_Sband_setup,TX_POWER,"ON,XBAND"
2024-02-06 22:47:06,background_2024_02_02/MCO_Sband_setup,CLOSE_SCI_PRODUCTS,
2024-02-06 22:47:11,background_2024_02_02/MCO_Sband_setup,FLUSH_DL_BUFFERS,
2024-02-06 22:47:12,background_2024_02_02/MCO_Sband_setup,SET_VCDU,17
2024-02-06 22:47:13,background_2024_02_02/MCO_Sband_setup,SET_TLM_PROD_RATE,XBAND_DL
2024-02-06 22:47:14,background_2024_02_02/MCO_Sband_setup,SET_PLAYBACK_RATE,200_MBPS
2024-02-06 22:47:15,background_2024_02_02/MCO_Sband_setup,START_PLAYBACK,
2024-02-06 23:01:50,background_2024_02_02,RUN_SEQ,break_down_comm
2024-02-06 23:01:51,background_2024_02_02,ADCS_YAW,-180
2024-02-06 23:01:51,background_2024_02_02/break_down_comm,STOP_PLAYBACK,
2024-02-06 23:01:52,background_2024_02_02/break_down_comm,SET_TLM_PROD_RATE,NOMINAL_SCI
2024-02-06 23:01:53,background_2024_02_02/break_down_comm,TX_POWER,"OFF,XBAND"
2024-02-06 23:01:54,background_2024_02_02/break_down_comm,TX_POWER,"OFF,SBAND"
2024-02-06 23:02:00,background_2024_02_02,DO_SCIENCE,"S_HEMI,DAY"
2024-02-06 23:14:06,background_2024_02_02,STOP_SCIENCE,
2024-02-06 23:14:07,background_2024_02_02,ADCS_YAW,180
2024-02-06 23:19:07,background_2024_02_02,DO_SCIENCE,"N_HEMI,DAY"
2024-02-06 23:41:28,background_2024_02_02,STOP_SCIENCE,
2024-02-06 23:42:57,background_2024_02_02,DO_SCIENCE,"N_HEMI,NIGHT"
2024-02-07 00:03:28,background_2024_02_02,STOP_SCIENCE,
2024-02-07 00:03:29,background_2024_02_02,RUN_SEQ,dark_side_calibration
2024-02-07 00:03:29,background_2024_02_02/dark_side_calibration,DARK_SIDE_CALIBRATION,
2024-02-07 00:03:59,background_2024_02_02/dark_side_calibration,DARK_SIDE_CALIBRATION,
2024-02-07 00:04:29,background_2024_02_02/dark_side_calibration,DARK_SIDE_CALIBRATION,
2024-02-07 00:04:59,background_2024_02_02/dark_side_calibration,DARK_SIDE_CALIBRATION,
2024-02-07 00:05:29,background_2024_02_02/dark_side_calibration,DARK_SIDE_CALIBRATION,
2024-02-07 00:05:59,background_2024_02_02/dark_side_calibration,DARK_SIDE_CALIBRATION,
2024-02-07 00:06:29,background_2024_02_02/dark_side_calibration,DARK_SIDE_CALIBRATION,
2024-02-07 00:06:59,background_2024_02_02/dark_side_calibration,DARK_SIDE_CALIBRATION,
2024-02-07 00:07:29,background_2024_02_02/dark_side_calibration,DARK_SIDE_CALIBRATION,
2024-02-07 00:07:59,background_2024_02_02/dark_side_calibration,DARK_SIDE_CALIBRATION,
2024-02-07 00:08:29,background_2024_02_02,DO_SCIENCE,"S_HEMI,NIGHT"
2024-02-07 00:17:41,background_2024_02_02,STOP_SCIENCE,
2024-02-07 00:17:42,background_2024_02_02,DO_SCIENCE,"S_HEMI,DAY"
2024-02-07 00:26:59,background_2024_02_02,STOP_SCIENCE,
2024-02-07 00:27:00,background_2024_02_02,RUN_SEQ,MCO_Sband_setup
2024-02-07 00:27:01,background_2024_02_02/MCO_Sband_setup,TX_POWER,"ON,XBAND"
2024-02-07 00:27:06,background_2024_02_02/MCO_Sband_setup,CLOSE_SCI_PRODUCTS,
2024-02-07 00:27:11,background_2024_02_02/MCO_Sband_setup,FLUSH_DL_BUFFERS,
2024-02-07 00:27:12,background_2024_02_02/MCO_Sband_setup,SET_VCDU,17
2024-02-07 00:27:13,background_2024_02_02/MCO_Sband_setup,SET_TLM_PROD_RATE,XBAND_DL
2024-02-07 00:27:14,background_2024_02_02/MCO_Sband_setup,SET_PLAYBACK_RATE,200_MBPS
2024-02-07 00:27:15,background_2024_02_02/MCO_Sband_setup,START_PLAYBACK,
2024-02-07 00:40:50,background_2024_02_02,RUN_SEQ,break_down_comm
2024-02-07 00:40:51,background_2024_02_02,ADCS_YAW,-180
2024-02-07 00:40:51,background_2024_02_02/break_down_comm,STOP_PLAYBACK,
2024-02-07 00:40:52,background_2024_02_02/break_down_comm,SET_TLM_PROD_RATE,NOMINAL_SCI
2024-02-07 00:40:53,background_2024_02_02/break_down_comm,TX_POWER,"OFF,XBAND"
2024-02-07 00:40:54,background_2024_02_02/break_down_comm,TX_POWER,"OFF,SBAND"
2024-02-07 00:41:00,background_2024_02_02,DO_SCIENCE,"S_HEMI,DAY"
2024-02-07 00:53:00,background_2024_02_02,STOP_SCIENCE,
2024-02-07 00:53:01,background_2024_02_02,ADCS_YAW,180
2024-02-07 00:58:01,background_2024_02_02,DO_SCIENCE,"N_HEMI,DAY"
2024-02-07 01:06:59,background_2024_02_02,STOP_SCIENCE,
2024-02-07 01:07:00,background_2024_02_02,RUN_SEQ,ASF_Sband_setup
2024-02-07 01:07:01,background_2024_02_02/ASF_Sband_setup,TX_POWER,"ON,XBAND"
2024-02-07 01:07:06,background_2024_02_02/ASF_Sband_setup,CLOSE_SCI_PRODUCTS,
2024-02-07 01:07:11,background_2024_02_02/ASF_Sband_setup,FLUSH_DL_BUFFERS,
2024-02-07 01:07:12,background_2024_02_02/ASF_Sband_setup,SET_VCDU,17
2024-02-07 01:07:13,background_2024_02_02/ASF_Sband_setup,SET_TLM_PROD_RATE,XBAND_DL
2024-02-07 01:07:14,background_2024_02_02/ASF_Sband_setup,SET_PLAYBACK_RATE,200_MBPS
2024-02-07 01:07:15,background_2024_02_02/ASF_Sband_setup,START_PLAYBACK,
2024-02-07 01:21:50,background_2024_02_02,RUN_SEQ,break_down_comm
2024-02-07 01:21:51,background_2024_02_02/break_down_comm,STOP_PLAYBACK,
2024-02-07 01:21:52,background_2024_02_02/break_down_comm,SET_TLM_PROD_RATE,NOMINAL_SCI
2024-02-07 01:21:53,background_2024_02_02/break_down_comm,TX_POWER,"OFF,XBAND"
2024-02-07 01:21:54,background_2024_02_02/break_down_comm,TX_POWER,"OFF,SBAND"
2024-02-07 01:22:00,background_2024_02_02,DO_SCIENCE,"N_HEMI,NIGHT"
2024-02-07 01:44:52,background_2024_02_02,STOP_SCIENCE,
2024-02-07 01:44:53,background_2024_02_02,DO_SCIENCE,"S_HEMI,NIGHT"
2024-02-07 01:56:35,background_2024_02_02,STOP_SCIENCE,
2024-02-07 01:56:36,background_2024_02_02,DO_SCIENCE,"S_HEMI,DAY"
2024-02-07 02:06:59,background_2024_02_02,STOP_SCIENCE,
2024-02-07 02:07:00,background_2024_02_02,ADCS_YAW,-180
2024-02-07 02:12:00,background_2024_02_02,DO_SCIENCE,"S_HEMI,DAY"
2024-02-07 02:31:54,background_2024_02_02,STOP_SCIENCE,
2024-02-07 02:31:55,background_2024_02_02,ADCS_YAW,180
2024-02-07 02:36:55,background_2024_02_02,DO_SCIENCE,"N_HEMI,DAY"
2024-02-07 02:47:59,background_2024_02_02,STOP_SCIENCE,
2024-02-07 02:48:00,background_2024_02_02,RUN_SEQ,ASF_Sband_setup
2024-02-07 02:48:01,background_2024_02_02/ASF_Sband_setup,TX_POWER,"ON,XBAND"
2024-02-07 02:48:06,background_2024_02_02/ASF_Sband_setup,CLOSE_SCI_PRODUCTS,
2024-02-07 02:48:11,background_2024_02_02/ASF_Sband_setup,FLUSH_DL_BUFFERS,
2024-02-07 02:48:12,background_2024_02_02/ASF_Sband_setup,SET_VCDU,17
2024-02-07 02:48:13,background_2024_02_02/ASF_Sband_setup,SET_TLM_PROD_RATE,XBAND_DL
2024-02-07 02:48:14,background_2024_02_02/ASF_Sband_setup,SET_PLAYBACK_RATE,200_MBPS
2024-02-07 02:48:15,background_2024_02_02/ASF_Sband_setup,START_PLAYBACK,
2024-02-07 03:01:50,background_2024_02_02,RUN_SEQ,break_down_comm
2024-02-07 03:01:51,background_2024_02_02/break_down_comm,STOP_PLAYBACK,
2024-02-07 03:01:52,background_2024_02_02/break_down_comm,SET_TLM_PROD_RATE,NOMINAL_SCI
2024-02-07 03:01:53,background_2024_02_02/break_down_comm,TX_POWER,"OFF,XBAND"
2024-02-07 03:01:54,background_2024_02_02/break_down_comm,TX_POWER,"OFF,SBAND"
2024-02-07 03:02:00,background_2024_02_02,DO_SCIENCE,"N_HEMI,NIGHT"
2024-02-07 03:23:46,background_2024_02_02,STOP_SCIENCE,
2024-02-07 03:23:47,background_2024_02_02,DO_SCIENCE,"S_HEMI,NIGHT"
2024-02-07 03:35:29,background_2024_02_02,STOP_SCIENCE,
2024-02-07 03:35:30,background_2024_02_02,DO_SCIENCE,"S_HEMI,DAY"
2024-02-07 03:45:59,background_2024_02_02,STOP_SCIENCE,
2024-02-07 03:46:00,background_2024_02_02,ADCS_YAW,-180
2024-02-07 03:51:00,background_2024_02_02,DO_SCIENCE,"S_HEMI,DAY"
2024-02-07 04:10:47,background_2024_02_02,STOP_SCIENCE,
2024-02-07 04:10:48,background_2024_02_02,ADCS_YAW,180
2024-02-07 04:15:48,background_2024_02_02,DO_SCIENCE,"N_HEMI,DAY"
2024-02-07 04:38:28,background_2024_02_02,STOP_SCIENCE,
2024-02-07 04:39:39,background_2024_02_02,DO_SCIENCE,"N_HEMI,NIGHT"
2024-02-07 05:02:39,background_2024_02_02,STOP_SCIENCE,
2024-02-07 05:02:40,background_2024_02_02,DO_SCIENCE,"S_HEMI,NIGHT"
2024-02-07 05:14:23,background_2024_02_02,STOP_SCIENCE,
2024-02-07 05:14:24,background_2024_02_02,DO_SCIENCE,"S_HEMI,DAY"
2024-02-07 05:24:58,background_2024_02_02,STOP_SCIENCE,
2024-02-07 05:24:59,background_2024_02_02,ADCS_YAW,-180
2024-02-07 05:29:59,background_2024_02_02,DO_SCIENCE,"S_HEMI,DAY"
2024-02-07 05:49:41,background_2024_02_02,STOP_SCIENCE,
2024-02-07 05:49:42,background_2024_02_02,ADCS_YAW,180
2024-02-07 05:54:42,background_2024_02_02,DO_SCIENCE,"N_HEMI,DAY"
2024-02-07 06:16:29,background_2024_02_02,STOP_SCIENCE,
2024-02-07 06:18:33,background_2024_02_02,DO_SCIENCE,"N_HEMI,NIGHT"
2024-02-07 06:41:33,background_2024_02_02,STOP_SCIENCE,
2024-02-07 06:41:34,background_2024_02_02,DO_SCIENCE,"S_HEMI,NIGHT"
2024-02-07 06:53:17,background_2024_02_02,STOP_SCIENCE,
2024-02-07 06:53:18,background_2024_02_02,DO_SCIENCE,"S_HEMI,DAY"
2024-02-07 07:03:58,background_2024_02_02,STOP_SCIENCE,
2024-02-07 07:03:59,background_2024_02_02,ADCS_YAW,-180
2024-02-07 07:08:59,background_2024_02_02,DO_SCIENCE,"S_HEMI,DAY"
2024-02-07 07:28:35,background_2024_02_02,STOP_SCIENCE,
2024-02-07 07:28:36,background_2024_02_02,ADCS_YAW,180
2024-02-07 07:33:36,background_2024_02_02,DO_SCIENCE,"N_HEMI,DAY"
2024-02-07 07:52:59,background_2024_02_02,STOP_SCIENCE,
2024-02-07 07:53:00,background_2024_02_02,RUN_SEQ,ASF_Sband_setup
2024-02-07 07:53:01,background_2024_02_02/ASF_Sband_setup,TX_POWER,"ON,XBAND"
2024-02-07 07:53:06,background_2024_02_02/ASF_Sband_setup,CLOSE_SCI_PRODUCTS,
2024-02-07 07:53:11,background_2024_02_02/ASF_Sband_setup,FLUSH_DL_BUFFERS,
2024-02-07 07:53:12,background_2024_02_02/ASF_Sband_setup,SET_VCDU,17
2024-02-07 07:53:13,background_2024_02_02/ASF_Sband_setup,SET_TLM_PROD_RATE,XBAND_DL
2024-02-07 07:53:14,background_2024_02_02/ASF_Sband_setup,SET_PLAYBACK_RATE,200_MBPS
2024-02-07 07:53:15,background_2024_02_02/ASF_Sband_setup,START_PLAYBACK,
2024-02-07 08:07:50,background_2024_02_02,RUN_SEQ,break_down_comm
2024-02-07 08:07:51,background_2024_02_02/break_down_comm,STOP_PLAYBACK,
2024-02-07 08:07:52,background_2024_02_02/break_down_comm,SET_TLM_PROD_RATE,NOMINAL_SCI
2024-02-07 08:07:53,background_2024_02_02/break_down_comm,TX_POWER,"OFF,XBAND"
2024-02-07 08:07:54,background_2024_02_02/break_down_comm,TX_POWER,"OFF,SBAND"
2024-02-07 08:08:00,background_2024_02_02,DO_SCIENCE,"N_HEMI,NIGHT"
2024-02-07 08:20:27,background_2024_02_02,STOP_SCIENCE,
2024-02-07 08:20:28,background_2024_02_02,DO_SCIENCE,"S_HEMI,NIGHT"
2024-02-07 08:32:11,background_2024_02_02,STOP_SCIENCE,
2024-02-07 08:32:12,background_2024_02_02,DO_SCIENCE,"S_HEMI,DAY"
2024-02-07 08:42:58,background_2024_02_02,STOP_SCIENCE,
2024-02-07 08:42:59,background_2024_02_02,ADCS_YAW,-180
2024-02-07 08:47:59,background_2024_02_02,DO_SCIENCE,"S_HEMI,DAY"
2024-02-07 09:07:28,background_2024_02_02,STOP_SCIENCE,
2024-02-07 09:07:29,background_2024_02_02,ADCS_YAW,180
2024-02-07 09:14:00,background_2024_02_02,RUN_SEQ,WGS_Sband_setup
2024-02-07 09:14:01,background_2024_02_02/WGS_Sband_setup,TX_POWER,"ON,XBAND"
2024-02-07 09:14:06,background_2024_02_02/WGS_Sband_setup,CLOSE_SCI_PRODUCTS,
2024-02-07 09:14:11,background_2024_02_02/WGS_Sband_setup,FLUSH_DL_BUFFERS,
2024-02-07 09:14:12,background_2024_02_02/WGS_Sband_setup,SET_VCDU,17
2024-02-07 09:14:13,background_2024_02_02/WGS_Sband_setup,SET_TLM_PROD_RATE,XBAND_DL
2024-02-07 09:14:14,background_2024_02_02/WGS_Sband_setup,SET_PLAYBACK_RATE,200_MBPS
2024-02-07 09:14:15,background_2024_02_02/WGS_Sband_setup,START_PLAYBACK,
2024-02-07 09:27:50,background_2024_02_02,RUN_SEQ,break_down_comm
2024-02-07 09:27:51,background_2024_02_02/break_down_comm,STOP_PLAYBACK,
2024-02-07 09:27:52,background_2024_02_02/break_down_comm,SET_TLM_PROD_RATE,NOMINAL_SCI
2024-02-07 09:27:53,background_2024_02_02/break_down_comm,TX_POWER,"OFF,XBAND"
2024-02-07 09:27:54,background_2024_02_02/break_down_comm,TX_POWER,"OFF,SBAND"
2024-02-07 09:28:00,background_2024_02_02,DO_SCIENCE,"N_HEMI,DAY"
2024-02-07 09:33:59,background_2024_02_02,STOP_SCIENCE,
2024-02-07 09:34:00,background_2024_02_02,RUN_SEQ,ASF_Sband_setup
2024-02-07 09:34:01,background_2024_02_02/ASF_Sband_setup,TX_POWER,"ON,XBAND"
2024-02-07 09:34:06,background_2024_02_02/ASF_Sband_setup,CLOSE_SCI_PRODUCTS,
2024-02-07 09:34:11,background_2024_02_02/ASF_Sband_setup,FLUSH_DL_BUFFERS,
2024-02-07 09:34:12,background_2024_02_02/ASF_Sband_setup,SET_VCDU,17
2024-02-07 09:34:13,background_2024_02_02/ASF_Sband_setup,SET_TLM_PROD_RATE,XBAND_DL
2024-02-07 09:34:14,background_2024_02_02/ASF_Sband_setup,SET_PLAYBACK_RATE,200_MBPS
2024-02-07 09:34:15,background_2024_02_02/ASF_Sband_setup,START_PLAYBACK,
2024-02-07 09:48:50,background_2024_02_02,RUN_SEQ,break_down_comm
2024-02-07 09:48:51,background_2024_02_02/break_down_comm,STOP_PLAYBACK,
2024-02-07 09:48:52,background_2024_02_02/break_down_comm,SET_TLM_PROD_RATE,NOMINAL_SCI
2024-02-07 09:48:53,background_2024_02_02/break_down_comm,TX_POWER,"OFF,XBAND"
2024-02-07 09:48:54,background_2024_02_02/break_down_comm,TX_POWER,"OFF,SBAND"
2024-02-07 09:49:00,background_2024_02_02,DO_SCIENCE,"N_HEMI,NIGHT"
2024-02-07 09:59:20,background_2024_02_02,STOP_SCIENCE,
2024-02-07 09:59:21,background_2024_02_02,DO_SCIENCE,"S_HEMI,NIGHT"
2024-02-07 10:11:05,background_2024_02_02,STOP_SCIENCE,
2024-02-07 10:11:06,background_2024_02_02,DO_SCIENCE,"S_HEMI,DAY"
2024-02-07 10:21:58,background_2024_02_02,STOP_SCIENCE,
2024-02-07 10:21:59,background_2024_02_02,ADCS_YAW,-180
2024-02-07 10:26:59,background_2024_02_02,DO_SCIENCE,"S_HEMI,DAY"
2024-02-07 10:46:22,background_2024_02_02,STOP_SCIENCE,
2024-02-07 10:46:23,background_2024_02_02,ADCS_YAW,180
2024-02-07 10:51:23,background_2024_02_02,DO_SCIENCE,"N_HEMI,DAY"
2024-02-07 11:13:29,background_2024_02_02,STOP_SCIENCE,
2024-02-07 11:15:15,background_2024_02_02,DO_SCIENCE,"N_HEMI,NIGHT"
2024-02-07 11:38:14,background_2024_02_02,STOP_SCIENCE,
2024-02-07 11:38:15,background_2024_02_02,DO_SCIENCE,"S_HEMI,NIGHT"
2024-02-07 11:49:59,background_2024_02_02,STOP_SCIENCE,
2024-02-07 11:50:00,background_2024_02_02,DO_SCIENCE,"S_HEMI,DAY"
2024-02-07 12:00:58,background_2024_02_02,STOP_SCIENCE,
2024-02-07 12:00:59,background_2024_02_02,ADCS_YAW,-180
2024-02-07 12:05:59,background_2024_02_02,DO_SCIENCE,"S_HEMI,DAY"
2024-02-07 12:25:16,background_2024_02_02,STOP_SCIENCE,
2024-02-07 12:25:17,background_2024_02_02,ADCS_YAW,180
2024-02-07 12:30:17,background_2024_02_02,DO_SCIENCE,"N_HEMI,DAY"
2024-02-07 12:52:28,background_2024_02_02,STOP_SCIENCE,
2024-02-07 12:54:09,background_2024_02_02,DO_SCIENCE,"N_HEMI,NIGHT"
2024-02-07 13:14:38,background_2024_02_02,STOP_SCIENCE,
2024-02-07 13:14:39,background_2024_02_02,RUN_SEQ,dark_side_calibration
2024-02-07 13:14:39,background_2024_02_02/dark_side_calibration,DARK_SIDE_CALIBRATION,
2024-02-07 13:15:09,background_2024_02_02/dark_side_calibration,DARK_SIDE_CALIBRATION,
2024-02-07 13:15:39,background_2024_02_02/dark_side_calibration,DARK_SIDE_CALIBRATION,
2024-02-07 13:16:09,background_2024_02_02/dark_side_calibration,DARK_SIDE_CALIBRATION,
2024-02-07 13:16:39,background_2024_02_02/dark_side_calibration,DARK_SIDE_CALIBRATION,
2024-02-07 13:17:09,background_2024_02_02/dark_side_calibration,DARK_SIDE_CALIBRATION,
2024-02-07 13:17:39,background_2024_02_02/dark_side_calibration,DARK_SIDE_CALIBRATION,
2024-02-07 13:18:09,background_2024_02_02/dark_side_calibration,DARK_SIDE_CALIBRATION,
2024-02-07 13:18:39,background_2024_02_02/dark_side_calibration,DARK_SIDE_CALIBRATION,
2024-02-07 13:19:09,background_2024_02_02/dark_side_calibration,DARK_SIDE_CALIBRATION,
2024-02-07 13:19:39,background_2024_02_02,DO_SCIENCE,"S_HEMI,NIGHT"
2024-02-07 13:28:53,background_2024_02_02,STOP_SCIENCE,
2024-02-07 13:28:54,background_2024_02_02,DO_SCIENCE,"S_HEMI,DAY"
2024-02-07 13:38:59,background_2024_02_02,STOP_SCIENCE,
2024-02-07 13:39:00,background_2024_02_02,ADCS_YAW,-180
2024-02-07 13:44:00,background_2024_02_02,DO_SCIENCE,"S_HEMI,DAY"
2024-02-07 14:04:09,background_2024_02_02,STOP_SCIENCE,
2024-02-07 14:04:10,background_2024_02_02,ADCS_YAW,180
2024-02-07 14:09:10,background_2024_02_02,DO_SCIENCE,"N_HEMI,DAY"
2024-02-07 14:31:28,background_2024_02_02,STOP_SCIENCE,
2024-02-07 14:33:03,background_2024_02_02,DO_SCIENCE,"N_HEMI,NIGHT"
2024-02-07 14:56:01,background_2024_02_02,STOP_SCIENCE,
2024-02-07 14:56:02,background_2024_02_02,DO_SCIENCE,"S_HEMI,NIGHT"
2024-02-07 15:07:47,background_2024_02_02,STOP_SCIENCE,
2024-02-07 15:07:48,background_2024_02_02,DO_SCIENCE,"S_HEMI,DAY"
2024-02-07 15:17:59,background_2024_02_02,STOP_SCIENCE,
2024-02-07 15:18:00,background_2024_02_02,ADCS_YAW,-180
2024-02-07 15:23:00,background_2024_02_02,DO_SCIENCE,"S_HEMI,DAY"
2024-02-07 15:43:03,background_2024_02_02,STOP_SCIENCE,
2024-02-07 15:43:04,background_2024_02_02,ADCS_YAW,180
2024-02-07 15:48:04,background_2024_02_02,DO_SCIENCE,"N_HEMI,DAY"
2024-02-07 16:10:28,background_2024_02_02,STOP_SCIENCE,
2024-02-07 16:11:57,background_2024_02_02,DO_SCIENCE,"N_HEMI,NIGHT"
2024-02-07 16:34:55,background_2024_02_02,STOP_SCIENCE,
2024-02-07 16:34:56,background_2024_02_02,DO_SCIENCE,"S_HEMI,NIGHT"
2024-02-07 16:46:41,background_2024_02_02,STOP_SCIENCE,
2024-02-07 16:50:00,background_2024_02_02,RUN_SEQ,MCO_Sband_setup
2024-02-07 16:50:01,background_2024_02_02/MCO_Sband_setup,TX_POWER,"ON,XBAND"
2024-02-07 16:50:06,background_2024_02_02/MCO_Sband_setup,CLOSE_SCI_PRODUCTS,
2024-02-07 16:50:11,background_2024_02_02/MCO_Sband_setup,FLUSH_DL_BUFFERS,
2024-02-07 16:50:12,background_2024_02_02/MCO_Sband_setup,SET_VCDU,17
2024-02-07 16:50:13,background_2024_02_02/MCO_Sband_setup,SET_TLM_PROD_RATE,XBAND_DL
2024-02-07 16:50:14,background_2024_02_02/MCO_Sband_setup,SET_PLAYBACK_RATE,200_MBPS
2024-02-07 16:50:15,background_2024_02_02/MCO_Sband_setup,START_PLAYBACK,
2024-02-07 17:04:50,background_2024_02_02,RUN_SEQ,break_down_comm
2024-02-07 17:04:51,background_2024_02_02,ADCS_YAW,-180
2024-02-07 17:04:51,background_2024_02_02/break_down_comm,STOP_PLAYBACK,
2024-02-07 17:04:52,background_2024_02_02/break_down_comm,SET_TLM_PROD_RATE,NOMINAL_SCI
2024-02-07 17:04:53,background_2024_02_02/break_down_comm,TX_POWER,"OFF,XBAND"
2024-02-07 17:04:54,background_2024_02_02/break_down_comm,TX_POWER,"OFF,SBAND"
2024-02-07 17:05:00,background_2024_02_02,DO_SCIENCE,"S_HEMI,DAY"
2024-02-07 17:21:57,background_2024_02_02,STOP_SCIENCE,
2024-02-07 17:21:58,background_2024_02_02,ADCS_YAW,180
2024-02-07 17:26:58,background_2024_02_02,DO_SCIENCE,"N_HEMI,DAY"
2024-02-07 17:49:28,background_2024_02_02,STOP_SCIENCE,
2024-02-07 17:50:51,background_2024_02_02,DO_SCIENCE,"N_HEMI,NIGHT"
2024-02-07 18:13:49,background_2024_02_02,STOP_SCIENCE,
2024-02-07 18:13:50,background_2024_02_02,DO_SCIENCE,"S_HEMI,NIGHT"
2024-02-07 18:25:35,background_2024_02_02,STOP_SCIENCE,
2024-02-07 18:30:00,background_2024_02_02,RUN_SEQ,MCO_Sband_setup
2024-02-07 18:30:01,background_2024_02_02/MCO_Sband_setup,TX_POWER,"ON,XBAND"
2024-02-07 18:30:06,background_2024_02_02/MCO_Sband_setup,CLOSE_SCI_PRODUCTS,
2024-02-07 18:30:11,background_2024_02_02/MCO_Sband_setup,FLUSH_DL_BUFFERS,
2024-02-07 18:30:12,background_2024_02_02/MCO_Sband_setup,SET_VCDU,17
2024-02-07 18:30:13,background_2024_02_02/MCO_Sband_setup,SET_TLM_PROD_RATE,XBAND_DL
2024-02-07 18:30:14,background_2024_02_02/MCO_Sband_setup,SET_PLAYBACK_RATE,200_MBPS
2024-02-07 18:30:15,background_2024_02_02/MCO_Sband_setup,START_PLAYBACK,
2024-02-07 18:44:50,background_2024_02_02,RUN_SEQ,break_down_comm
2024-02-07 18:44:51,background_2024_02_02,ADCS_YAW,-180
2024-02-07 18:44:51,background_2024_02_02/break_down_comm,STOP_PLAYBACK,
2024-02-07 18:44:52,background_2024_02_02/break_down_comm,SET_TLM_PROD_RATE,NOMINAL_SCI
2024-02-07 18:44:53,background_2024_02_02/break_down_comm,TX_POWER,"OFF,XBAND"
2024-02-07 18:44:54,background_2024_02_02/break_down_comm,TX_POWER,"OFF,SBAND"
2024-02-07 18:45:00,background_2024_02_02,DO_SCIENCE,"S_HEMI,DAY"
2024-02-07 19:00:50,background_2024_02_02,STOP_SCIENCE,
2024-02-07 19:00:51,background_2024_02_02,ADCS_YAW,180
2024-02-07 19:05:51,background_2024_02_02,DO_SCIENCE,"N_HEMI,DAY"
2024-02-07 19:28:28,background_2024_02_02,STOP_SCIENCE,
2024-02-07 19:29:45,background_2024_02_02,DO_SCIENCE,"N_HEMI,NIGHT"
2024-02-07 19:34:59,background_2024_02_02,STOP_SCIENCE,
2024-02-07 19:35:00,background_2024_02_02,RUN_SEQ,WGS_Sband_setup
2024-02-07 19:35:01,background_2024_02_02/WGS_Sband_setup,TX_POWER,"ON,XBAND"
2024-02-07 19:35:06,background_2024_02_02/WGS_Sband_setup,CLOSE_SCI_PRODUCTS,
2024-02-07 19:35:11,background_2024_02_02/WGS_Sband_setup,FLUSH_DL_BUFFERS,
2024-02-07 19:35:12,background_2024_02_02/WGS_Sband_setup,SET_VCDU,17
2024-02-07 19:35:13,background_2024_02_02/WGS_Sband_setup,SET_TLM_PROD_RATE,XBAND_DL
2024-02-07 19:35:14,background_2024_02_02/WGS_Sband_setup,SET_PLAYBACK_RATE,200_MBPS
2024-02-07 19:35:15,background_2024_02_02/WGS_Sband_setup,START_PLAYBACK,
2024-02-07 19:49:50,background_2024_02_02,RUN_SEQ,break_down_comm
2024-02-07 19:49:51,background_2024_02_02/break_down_comm,STOP_PLAYBACK,
2024-02-07 19:49:52,background_2024_02_02/break_down_comm,SET_TLM_PROD_RATE,NOMINAL_SCI
2024-02-07 19:49:53,background_2024_02_02/break_down_comm,TX_POWER,"OFF,XBAND"
2024-02-07 19:49:54,background_2024_02_02/break_down_comm,TX_POWER,"OFF,SBAND"
2024-02-07 19:52:43,background_2024_02_02,DO_SCIENCE,"S_HEMI,NIGHT"
2024-02-07 20:04:29,background_2024_02_02,STOP_SCIENCE,
2024-02-07 20:04:30,background_2024_02_02,DO_SCIENCE,"S_HEMI,DAY"
2024-02-07 20:10:59,background_2024_02_02,STOP_SCIENCE,
2024-02-07 20:11:00,background_2024_02_02,RUN_SEQ,MCO_Sband_setup
2024-02-07 20:11:01,background_2024_02_02/MCO_Sband_setup,TX_POWER,"ON,XBAND"
2024-02-07 20:11:06,background_2024_02_02/MCO_Sband_setup,CLOSE_SCI_PRODUCTS,
2024-02-07 20:11:11,background_2024_02_02/MCO_Sband_setup,FLUSH_DL_BUFFERS,
2024-02-07 20:11:12,background_2024_02_02/MCO_Sband_setup,SET_VCDU,17
2024-02-07 20:11:13,background_2024_02_02/MCO_Sband_setup,SET_TLM_PROD_RATE,XBAND_DL
2024-02-07 20:11:14,background_2024_02_02/MCO_Sband_setup,SET_PLAYBACK_RATE,200_MBPS
2024-02-07 20:11:15,background_2024_02_02/MCO_Sband_setup,START_PLAYBACK,
2024-02-07 20:24:50,background_2024_02_02,RUN_SEQ,break_down_comm
2024-02-07 20:24:51,background_2024_02_02,ADCS_YAW,-180
2024-02-07 20:24:51,background_2024_02_02/break_down_comm,STOP_PLAYBACK,
2024-02-07 20:24:52,background_2024_02_02/break_down_comm,SET_TLM_PROD_RATE,NOMINAL_SCI
2024-02-07 20:24:53,background_2024_02_02/break_down_comm,TX_POWER,"OFF,XBAND"
2024-02-07 20:24:54,background_2024_02_02/break_down_comm,TX_POWER,"OFF,SBAND"
2024-02-07 20:25:00,background_2024_02_02,DO_SCIENCE,"S_HEMI,DAY"
2024-02-07 20:39:44,background_2024_02_02,STOP_SCIENCE,
2024-02-07 20:39:45,background_2024_02_02,ADCS_YAW,180
2024-02-07 20:44:45,background_2024_02_02,DO_SCIENCE,"N_HEMI,DAY"
2024-02-07 21:06:29,background_2024_02_02,STOP_SCIENCE,
2024-02-07 21:08:39,background_2024_02_02,DO_SCIENCE,"N_HEMI,NIGHT"
2024-02-07 21:31:36,background_2024_02_02,STOP_SCIENCE,
2024-02-07 21:31:37,background_2024_02_02,DO_SCIENCE,"S_HEMI,NIGHT"
2024-02-07 21:43:23,background_2024_02_02,STOP_SCIENCE,
2024-02-07 21:43:24,background_2024_02_02,DO_SCIENCE,"S_HEMI,DAY"
2024-02-07 21:50:59,background_2024_02_02,STOP_SCIENCE,
2024-02-07 21:51:00,background_2024_02_02,RUN_SEQ,MCO_Sband_setup
2024-02-07 21:51:01,background_2024_02_02/MCO_Sband_setup,TX_POWER,"ON,XBAND"
2024-02-07 21:51:06,background_2024_02_02/MCO_Sband_setup,CLOSE_SCI_PRODUCTS,
2024-02-07 21:51:11,background_2024_02_02/MCO_Sband_setup,FLUSH_DL_BUFFERS,
2024-02-07 21:51:12,background_2024_02_02/MCO_Sband_setup,SET_VCDU,17
2024-02-07 21:51:13,background_2024_02_02/MCO_Sband_setup,SET_TLM_PROD_RATE,XBAND_DL
2024-02-07 21:51:14,background_2024_02_02/MCO_Sband_setup,SET_PLAYBACK_RATE,200_MBPS
2024-02-07 21:51:15,background_2024_02_02/MCO_Sband_setup,START_PLAYBACK,
2024-02-07 22:04:50,background_2024_02_02,RUN_SEQ,break_down_comm
2024-02-07 22:04:51,background_2024_02_02,ADCS_YAW,-180
2024-02-07 22:04:51,background_2024_02_02/break_down_comm,STOP_PLAYBACK,
2024-02-07 22:04:52,background_2024_02_02/break_down_comm,SET_TLM_PROD_RATE,NOMINAL_SCI
2024-02-07 22:04:53,background_2024_02_02/break_down_comm,TX_POWER,"OFF,XBAND"
2024-02-07 22:04:54,background_2024_02_02/break_down_comm,TX_POWER,"OFF,SBAND"
2024-02-07 22:05:00,background_2024_02_02,DO_SCIENCE,"S_HEMI,DAY"
2024-02-07 22:18:38,background_2024_02_02,STOP_SCIENCE,
2024-02-07 22:18:39,background_2024_02_02,ADCS_YAW,180
2024-02-07 22:23:39,background_2024_02_02,DO_SCIENCE,"N_HEMI,DAY"
2024-02-07 22:45:29,background_2024_02_02,STOP_SCIENCE,
2024-02-07 22:47:33,background_2024_02_02,DO_SCIENCE,"N_HEMI,NIGHT"
2024-02-07 23:10:30,background_2024_02_02,STOP_SCIENCE,
2024-02-07 23:10:31,background_2024_02_02,DO_SCIENCE,"S_HEMI,NIGHT"
2024-02-07 23:22:17,background_2024_02_02,STOP_SCIENCE,
2024-02-07 23:22:18,background_2024_02_02,DO_SCIENCE,"S_HEMI,DAY"
2024-02-07 23:30:59,background_2024_02_02,STOP_SCIENCE,
2024-02-07 23:31:00,background_2024_02_02,RUN_SEQ,MCO_Sband_setup
2024-02-07 23:31:01,background_2024_02_02/MCO_Sband_setup,TX_POWER,"ON,XBAND"
2024-02-07 23:31:06,background_2024_02_02/MCO_Sband_setup,CLOSE_SCI_PRODUCTS,
2024-02-07 23:31:11,background_2024_02_02/MCO_Sband_setup,FLUSH_DL_BUFFERS,
2024-02-07 23:31:12,background_2024_02_02/MCO_Sband_setup,SET_VCDU,17
2024-02-07 23:31:13,background_2024_02_02/MCO_Sband_setup,SET_TLM_PROD_RATE,XBAND_DL
2024-02-07 23:31:14,background_2024_02_02/MCO_Sband_setup,SET_PLAYBACK_RATE,200_MBPS
2024-02-07 23:31:15,background_2024_02_02/MCO_Sband_setup,START_PLAYBACK,
2024-02-07 23:44:50,background_2024_02_02,RUN_SEQ,break_down_comm
2024-02-07 23:44:51,background_2024_02_02,ADCS_YAW,-180
2024-02-07 23:44:51,background_2024_02_02/break_down_comm,STOP_PLAYBACK,
2024-02-07 23:44:52,background_2024_02_02/break_down_comm,SET_TLM_PROD_RATE,NOMINAL_SCI
2024-02-07 23:44:53,background_2024_02_02/break_down_comm,TX_POWER,"OFF,XBAND"
2024-02-07 23:44:54,background_2024_02_02/break_down_comm,TX_POWER,"OFF,SBAND"
2024-02-07 23:45:00,background_2024_02_02,DO_SCIENCE,"S_HEMI,DAY"
2024-02-07 23:57:31,background_2024_02_02,STOP_SCIENCE,
2024-02-07 23:57:32,background_2024_02_02,ADCS_YAW,180
2024-02-08 00:02:32,background_2024_02_02,DO_SCIENCE,"N_HEMI,DAY"
2024-02-08 00:11:59,background_2024_02_02,STOP_SCIENCE,
2024-02-08 00:12:00,background_2024_02_02,RUN_SEQ,ASF_Sband_setup
2024-02-08 00:12:01,background_2024_02_02/ASF_Sband_setup,TX_POWER,"ON,XBAND"
2024-02-08 00:12:06,background_2024_02_02/ASF_Sband_setup,CLOSE_SCI_PRODUCTS,
2024-02-08 00:12:11,background_2024_02_02/ASF_Sband_setup,FLUSH_DL_BUFFERS,
2024-02-08 00:12:12,background_2024_02_02/ASF_Sband_setup,SET_VCDU,17
2024-02-08 00:12:13,background_2024_02_02/ASF_Sband_setup,SET_TLM_PROD_RATE,XBAND_DL
2024-02-08 00:12:14,background_2024_02_02/ASF_Sband_setup,SET_PLAYBACK_RATE,200_MBPS
2024-02-08 00:12:15,background_2024_02_02/ASF_Sband_setup,START_PLAYBACK,
2024-02-08 00:24:50,background_2024_02_02,RUN_SEQ,break_down_comm
2024-02-08 00:24:51,background_2024_02_02/break_down_comm,STOP_PLAYBACK,
2024-02-08 00:24:52,background_2024_02_02/break_down_comm,SET_TLM_PROD_RATE,NOMINAL_SCI
2024-02-08 00:24:53,background_2024_02_02/break_down_comm,TX_POWER,"OFF,XBAND"
2024-02-08 00:24:54,background_2024_02_02/break_down_comm,TX_POWER,"OFF,SBAND"
2024-02-08 00:26:27,background_2024_02_02,DO_SCIENCE,"N_HEMI,NIGHT"
2024-02-08 00:46:53,background_2024_02_02,STOP_SCIENCE,
2024-02-08 00:46:54,background_2024_02_02,RUN_SEQ,dark_side_calibration
2024-02-08 00:46:54,background_2024_02_02/dark_side_calibration,DARK_SIDE_CALIBRATION,
2024-02-08 00:47:24,background_2024_02_02/dark_side_calibration,DARK_SIDE_CALIBRATION,
2024-02-08 00:47:54,background_2024_02_02/dark_side_calibration,DARK_SIDE_CALIBRATION,
2024-02-08 00:48:24,background_2024_02_02/dark_side_calibration,DARK_SIDE_CALIBRATION,
2024-02-08 00:48:54,background_2024_02_02/dark_side_calibration,DARK_SIDE_CALIBRATION,
2024-02-08 00:49:24,background_2024_02_02/dark_side_calibration,DARK_SIDE_CALIBRATION,
2024-02-08 00:49:54,background_2024_02_02/dark_side_calibration,DARK_SIDE_CALIBRATION,
2024-02-08 00:50:24,background_2024_02_02/dark_side_calibration,DARK_SIDE_CALIBRATION,
2024-02-08 00:50:54,background_2024_02_02/dark_side_calibration,DARK_SIDE_CALIBRATION,
2024-02-08 00:51:24,background_2024_02_02/dark_side_calibration,DARK_SIDE_CALIBRATION,
2024-02-08 00:51:54,background_2024_02_02,DO_SCIENCE,"S_HEMI,NIGHT"
2024-02-08 01:01:10,background_2024_02_02,STOP_SCIENCE,
2024-02-08 01:01:11,background_2024_02_02,DO_SCIENCE,"S_HEMI,DAY"
2024-02-08 01:11:58,background_2024_02_02,STOP_SCIENCE,
2024-02-08 01:11:59,background_2024_02_02,ADCS_YAW,-180
2024-02-08 01:16:59,background_2024_02_02,DO_SCIENCE,"S_HEMI,DAY"
2024-02-08 01:36:25,background_2024_02_02,STOP_SCIENCE,
2024-02-08 01:36:26,background_2024_02_02,ADCS_YAW,180
2024-02-08 01:41:26,background_2024_02_02,DO_SCIENCE,"N_HEMI,DAY"
2024-02-08 01:51:59,background_2024_02_02,STOP_SCIENCE,
2024-02-08 01:52:00,background_2024_02_02,RUN_SEQ,ASF_Sband_setup
2024-02-08 01:52:01,background_2024_02_02/ASF_Sband_setup,TX_POWER,"ON,XBAND"
2024-02-08 01:52:06,background_2024_02_02/ASF_Sband_setup,CLOSE_SCI_PRODUCTS,
2024-02-08 01:52:11,background_2024_02_02/ASF_Sband_setup,FLUSH_DL_BUFFERS,
2024-02-08 01:52:12,background_2024_02_02/ASF_Sband_setup,SET_VCDU,17
2024-02-08 01:52:13,background_2024_02_02/ASF_Sband_setup,SET_TLM_PROD_RATE,XBAND_DL
2024-02-08 01:52:14,background_2024_02_02/ASF_Sband_setup,SET_PLAYBACK_RATE,200_MBPS
2024-02-08 01:52:15,background_2024_02_02/ASF_Sband_setup,START_PLAYBACK,
2024-02-08 02:05:50,background_2024_02_02,RUN_SEQ,break_down_comm
2024-02-08 02:05:51,background_2024_02_02/break_down_comm,STOP_PLAYBACK,
2024-02-08 02:05:52,background_2024_02_02/break_down_comm,SET_TLM_PROD_RATE,NOMINAL_SCI
2024-02-08 02:05:53,background_2024_02_02/break_down_comm,TX_POWER,"OFF,XBAND"
2024-02-08 02:05:54,background_2024_02_02/break_down_comm,TX_POWER,"OFF,SBAND"
2024-02-08 02:06:00,background_2024_02_02,DO_SCIENCE,"N_HEMI,NIGHT"
2024-02-08 02:28:17,background_2024_02_02,STOP_SCIENCE,
2024-02-08 02:28:18,background_2024_02_02,DO_SCIENCE,"S_HEMI,NIGHT"
2024-02-08 02:40:04,background_2024_02_02,STOP_SCIENCE,
2024-02-08 02:40:05,background_2024_02_02,DO_SCIENCE,"S_HEMI,DAY"
2024-02-08 02:50:58,background_2024_02_02,STOP_SCIENCE,
2024-02-08 02:50:59,background_2024_02_02,ADCS_YAW,-180
2024-02-08 02:55:59,background_2024_02_02,DO_SCIENCE,"S_HEMI,DAY"
2024-02-08 03:15:19,background_2024_02_02,STOP_SCIENCE,
2024-02-08 03:15:20,background_2024_02_02,ADCS_YAW,180
2024-02-08 03:20:20,background_2024_02_02,DO_SCIENCE,"N_HEMI,DAY"
2024-02-08 03:32:59,background_2024_02_02,STOP_SCIENCE,
2024-02-08 03:33:00,background_2024_02_02,RUN_SEQ,ASF_Sband_setup
2024-02-08 03:33:01,background_2024_02_02/ASF_Sband_setup,TX_POWER,"ON,XBAND"
2024-02-08 03:33:06,background_2024_02_02/ASF_Sband_setup,CLOSE_SCI_PRODUCTS,
2024-02-08 03:33:11,background_2024_02_02/ASF_Sband_setup,FLUSH_DL_BUFFERS,
2024-02-08 03:33:12,background_2024_02_02/ASF_Sband_setup,SET_VCDU,17
2024-02-08 03:33:13,background_2024_02_02/ASF_Sband_setup,SET_TLM_PROD_RATE,XBAND_DL
2024-02-08 03:33:14,background_2024_02_02/ASF_Sband_setup,SET_PLAYBACK_RATE,200_MBPS
2024-02-08 03:33:15,background_2024_02_02/ASF_Sband_setup,START_PLAYBACK,
2024-02-08 03:46:50,background_2024_02_02,RUN_SEQ,break_down_comm
2024-02-08 03:46:51,background_2024_02_02/break_down_comm,STOP_PLAYBACK,
2024-02-08 03:46:52,background_2024_02_02/break_down_comm,SET_TLM_PROD_RATE,NOMINAL_SCI
2024-02-08 03:46:53,background_2024_02_02/break_down_comm,TX_POWER,"OFF,XBAND"
2024-02-08 03:46:54,background_2024_02_02/break_down_comm,TX_POWER,"OFF,SBAND"
2024-02-08 03:47:00,background_2024_02_02,DO_SCIENCE,"N_HEMI,NIGHT"
2024-02-08 04:07:11,background_2024_02_02,STOP_SCIENCE,
2024-02-08 04:07:12,background_2024_02_02,DO_SCIENCE,"S_HEMI,NIGHT"
2024-02-08 04:18:58,background_2024_02_02,STOP_SCIENCE,
2024-02-08 04:18:59,background_2024_02_02,DO_SCIENCE,"S_HEMI,DAY"
2024-02-08 04:28:59,background_2024_02_02,STOP_SCIENCE,
2024-02-08 04:29:00,background_2024_02_02,ADCS_YAW,-180
2024-02-08 04:34:00,background_2024_02_02,DO_SCIENCE,"S_HEMI,DAY"
2024-02-08 04:54:12,background_2024_02_02,STOP_SCIENCE,
2024-02-08 04:54:13,background_2024_02_02,ADCS_YAW,180
2024-02-08 04:59:13,background_2024_02_02,DO_SCIENCE,"N_HEMI,DAY"
2024-02-08 05:21:28,background_2024_02_02,STOP_SCIENCE,
2024-02-08 05:23:09,background_2024_02_02,DO_SCIENCE,"N_HEMI,NIGHT"
2024-02-08 05:46:04,background_2024_02_02,STOP_SCIENCE,
2024-02-08 05:46:05,background_2024_02_02,DO_SCIENCE,"S_HEMI,NIGHT"
2024-02-08 05:57:52,background_2024_02_02,STOP_SCIENCE,
2024-02-08 05:57:53,background_2024_02_02,DO_SCIENCE,"S_HEMI,DAY"
2024-02-08 06:07:59,background_2024_02_02,STOP_SCIENCE,
2024-02-08 06:08:00,background_2024_02_02,ADCS_YAW,-180
2024-02-08 06:13:00,background_2024_02_02,DO_SCIENCE,"S_HEMI,DAY"
2024-02-08 06:33:06,background_2024_02_02,STOP_SCIENCE,
2024-02-08 06:33:07,background_2024_02_02,ADCS_YAW,180
2024-02-08 06:38:07,background_2024_02_02,DO_SCIENCE,"N_HEMI,DAY"
2024-02-08 07:00:28,background_2024_02_02,STOP_SCIENCE,
2024-02-08 07:02:03,background_2024_02_02,DO_SCIENCE,"N_HEMI,NIGHT"
2024-02-08 07:24:58,background_2024_02_02,STOP_SCIENCE,
2024-02-08 07:24:59,background_2024_02_02,DO_SCIENCE,"S_HEMI,NIGHT"
2024-02-08 07:36:46,background_2024_02_02,STOP_SCIENCE,
2024-02-08 07:36:47,background_2024_02_02,DO_SCIENCE,"S_HEMI,DAY"
2024-02-08 07:46:59,background_2024_02_02,STOP_SCIENCE,
2024-02-08 07:47:00,background_2024_02_02,ADCS_YAW,-180
2024-02-08 07:52:00,background_2024_02_02,DO_SCIENCE,"S_HEMI,DAY"
2024-02-08 08:12:00,background_2024_02_02,STOP_SCIENCE,
2024-02-08 08:12:01,background_2024_02_02,ADCS_YAW,180
2024-02-08 08:17:01,background_2024_02_02,DO_SCIENCE,"N_HEMI,DAY"
2024-02-08 08:37:59,background_2024_02_02,STOP_SCIENCE,
2024-02-08 08:38:00,background_2024_02_02,RUN_SEQ,ASF_Sband_setup
2024-02-08 08:38:01,background_2024_02_02/ASF_Sband_setup,TX_POWER,"ON,XBAND"
2024-02-08 08:38:06,background_2024_02_02/ASF_Sband_setup,CLOSE_SCI_PRODUCTS,
2024-02-08 08:38:11,background_2024_02_02/ASF_Sband_setup,FLUSH_DL_BUFFERS,
2024-02-08 08:38:12,background_2024_02_02/ASF_Sband_setup,SET_VCDU,17
2024-02-08 08:38:13,background_2024_02_02/ASF_Sband_setup,SET_TLM_PROD_RATE,XBAND_DL
2024-02-08 08:38:14,background_2024_02_02/ASF_Sband_setup,SET_PLAYBACK_RATE,200_MBPS
2024-02-08 08:38:15,background_2024_02_02/ASF_Sband_setup,START_PLAYBACK,
2024-02-08 08:51:50,background_2024_02_02,RUN_SEQ,break_down_comm
2024-02-08 08:51:51,background_2024_02_02/break_down_comm,STOP_PLAYBACK,
2024-02-08 08:51:52,background_2024_02_02/break_down_comm,SET_TLM_PROD_RATE,NOMINAL_SCI
2024-02-08 08:51:53,background_2024_02_02/break_down_comm,TX_POWER,"OFF,XBAND"
2024-02-08 08:51:54,background_2024_02_02/break_down_comm,TX_POWER,"OFF,SBAND"
2024-02-08 08:52:00,background_2024_02_02,DO_SCIENCE,"N_HEMI,NIGHT"
2024-02-08 09:03:52,background_2024_02_02,STOP_SCIENCE,
2024-02-08 09:03:53,background_2024_02_02,DO_SCIENCE,"S_HEMI,NIGHT"
2024-02-08 09:15:40,background_2024_02_02,STOP_SCIENCE,
2024-02-08 09:15:41,background_2024_02_02,DO_SCIENCE,"S_HEMI,DAY"
2024-02-08 09:25:59,background_2024_02_02,STOP_SCIENCE,
2024-02-08 09:26:00,background_2024_02_02,ADCS_YAW,-180
2024-02-08 09:31:00,background_2024_02_02,DO_SCIENCE,"S_HEMI,DAY"
2024-02-08 09:50:53,background_2024_02_02,STOP_SCIENCE,
2024-02-08 09:50:54,background_2024_02_02,ADCS_YAW,180
2024-02-08 09:59:00,background_2024_02_02,RUN_SEQ,WGS_Sband_setup
2024-02-08 09:59:01,background_2024_02_02/WGS_Sband_setup,TX_POWER,"ON,XBAND"
2024-02-08 09:59:06,background_2024_02_02/WGS_Sband_setup,CLOSE_SCI_PRODUCTS,
2024-02-08 09:59:11,background_2024_02_02/WGS_Sband_setup,FLUSH_DL_BUFFERS,
2024-02-08 09:59:12,background_2024_02_02/WGS_Sband_setup,SET_VCDU,17
2024-02-08 09:59:13,background_2024_02_02/WGS_Sband_setup,SET_TLM_PROD_RATE,XBAND_DL
2024-02-08 09:59:14,background_2024_02_02/WGS_Sband_setup,SET_PLAYBACK_RATE,200_MBPS
2024-02-08 09:59:15,background_2024_02_02/WGS_Sband_setup,START_PLAYBACK,
2024-02-08 10:11:50,background_2024_02_02,RUN_SEQ,break_down_comm
2024-02-08 10:11:51,background_2024_02_02/break_down_comm,STOP_PLAYBACK,
2024-02-08 10:11:52,background_2024_02_02/break_down_comm,SET_TLM_PROD_RATE,NOMINAL_SCI
2024-02-08 10:11:53,background_2024_02_02/break_down_comm,TX_POWER,"OFF,XBAND"
2024-02-08 10:11:54,background_2024_02_02/break_down_comm,TX_POWER,"OFF,SBAND"
2024-02-08 10:12:00,background_2024_02_02,DO_SCIENCE,"N_HEMI,DAY"
2024-02-08 10:17:59,background_2024_02_02,STOP_SCIENCE,
2024-02-08 10:18:00,background_2024_02_02,RUN_SEQ,ASF_Sband_setup
2024-02-08 10:18:01,background_2024_02_02/ASF_Sband_setup,TX_POWER,"ON,XBAND"
2024-02-08 10:18:06,background_2024_02_02/ASF_Sband_setup,CLOSE_SCI_PRODUCTS,
2024-02-08 10:18:11,background_2024_02_02/ASF_Sband_setup,FLUSH_DL_BUFFERS,
2024-02-08 10:18:12,background_2024_02_02/ASF_Sband_setup,SET_VCDU,17
2024-02-08 10:18:13,background_2024_02_02/ASF_Sband_setup,SET_TLM_PROD_RATE,XBAND_DL
2024-02-08 10:18:14,background_2024_02_02/ASF_Sband_setup,SET_PLAYBACK_RATE,200_MBPS
2024-02-08 10:18:15,background_2024_02_02/ASF_Sband_setup,START_PLAYBACK,
2024-02-08 10:31:50,background_2024_02_02,RUN_SEQ,break_down_comm
2024-02-08 10:31:51,background_2024_02_02/break_down_comm,STOP_PLAYBACK,
2024-02-08 10:31:52,background_2024_02_02/break_down_comm,SET_TLM_PROD_RATE,NOMINAL_SCI
2024-02-08 10:31:53,background_2024_02_02/break_down_comm,TX_POWER,"OFF,XBAND"
2024-02-08 10:31:54,background_2024_02_02/break_down_comm,TX_POWER,"OFF,SBAND"
2024-02-08 10:32:00,background_2024_02_02,DO_SCIENCE,"N_HEMI,NIGHT"
2024-02-08 10:42:45,background_2024_02_02,STOP_SCIENCE,
2024-02-08 10:42:46,background_2024_02_02,DO_SCIENCE,"S_HEMI,NIGHT"
2024-02-08 10:54:34,background_2024_02_02,STOP_SCIENCE,
2024-02-08 10:54:35,background_2024_02_02,DO_SCIENCE,"S_HEMI,DAY"
2024-02-08 11:04:59,background_2024_02_02,STOP_SCIENCE,
2024-02-08 11:05:00,background_2024_02_02,ADCS_YAW,-180
2024-02-08 11:10:00,background_2024_02_02,DO_SCIENCE,"S_HEMI,DAY"
2024-02-08 11:29:47,background_2024_02_02,STOP_SCIENCE,
2024-02-08 11:29:48,background_2024_02_02,ADCS_YAW,180
2024-02-08 11:34:48,background_2024_02_02,DO_SCIENCE,"N_HEMI,DAY"
2024-02-08 11:56:29,background_2024_02_02,STOP_SCIENCE,
2024-02-08 11:58:45,background_2024_02_02,DO_SCIENCE,"N_HEMI,NIGHT"
2024-02-08 12:19:09,background_2024_02_02,STOP_SCIENCE,
2024-02-08 12:19:10,background_2024_02_02,RUN_SEQ,dark_side_calibration
2024-02-08 12:19:10,background_2024_02_02/dark_side_calibration,DARK_SIDE_CALIBRATION,
2024-02-08 12:19:40,background_2024_02_02/dark_side_calibration,DARK_SIDE_CALIBRATION,
2024-02-08 12:20:10,background_2024_02_02/dark_side_calibration,DARK_SIDE_CALIBRATION,
2024-02-08 12:20:40,background_2024_02_02/dark_side_calibration,DARK_SIDE_CALIBRATION,
2024-02-08 12:21:10,background_2024_02_02/dark_side_calibration,DARK_SIDE_CALIBRATION,
2024-02-08 12:21:40,background_2024_02_02/dark_side_calibration,DARK_SIDE_CALIBRATION,
2024-02-08 12:22:10,background_2024_02_02/dark_side_calibration,DARK_SIDE_CALIBRATION,
2024-02-08 12:22:40,background_2024_02_02/dark_side_calibration,DARK_SIDE_CALIBRATION,
2024-02-08 12:23:10,background_2024_02_02/dark_side_calibration,DARK_SIDE_CALIBRATION,
2024-02-08 12:23:40,background_2024_02_02/dark_side_calibration,DARK_SIDE_CALIBRATION,
2024-02-08 12:24:10,background_2024_02_02,DO_SCIENCE,"S_HEMI,NIGHT"
2024-02-08 12:33:28,background_2024_02_02,STOP_SCIENCE,
2024-02-08 12:33:29,background_2024_02_02,DO_SCIENCE,"S_HEMI,DAY"
2024-02-08 12:43:58,background_2024_02_02,STOP_SCIENCE,
2024-02-08 12:43:59,background_2024_02_02,ADCS_YAW,-180
2024-02-08 12:48:59,background_2024_02_02,DO_SCIENCE,"S_HEMI,DAY"
2024-02-08 13:08:41,background_2024_02_02,STOP_SCIENCE,
2024-02-08 13:08:42,background_2024_02_02,ADCS_YAW,180
2024-02-08 13:13:42,background_2024_02_02,DO_SCIENCE,"N_HEMI,DAY"
2024-02-08 13:35:29,background_2024_02_02,STOP_SCIENCE,
2024-02-08 13:37:39,background_2024_02_02,DO_SCIENCE,"N_HEMI,NIGHT"
2024-02-08 14:00:33,background_2024_02_02,STOP_SCIENCE,
2024-02-08 14:00:34,background_2024_02_02,DO_SCIENCE,"S_HEMI,NIGHT"
2024-02-08 14:12:22,background_2024_02_02,STOP_SCIENCE,
2024-02-08 14:12:23,background_2024_02_02,DO_SCIENCE,"S_HEMI,DAY"
2024-02-08 14:22:58,background_2024_02_02,STOP_SCIENCE,
2024-02-08 14:22:59,background_2024_02_02,ADCS_YAW,-180
2024-02-08 14:27:59,background_2024_02_02,DO_SCIENCE,"S_HEMI,DAY"
2024-02-08 14:47:34,background_2024_02_02,STOP_SCIENCE,
2024-02-08 14:47:35,background_2024_02_02,ADCS_YAW,180
2024-02-08 14:52:35,background_2024_02_02,DO_SCIENCE,"N_HEMI,DAY"
2024-02-08 15:14:29,background_2024_02_02,STOP_SCIENCE,
2024-02-08 15:16:33,background_2024_02_02,DO_SCIENCE,"N_HEMI,NIGHT"
2024-02-08 15:39:26,background_2024_02_02,STOP_SCIENCE,
2024-02-08 15:39:27,background_2024_02_02,DO_SCIENCE,"S_HEMI,NIGHT"
2024-02-08 15:51:16,background_2024_02_02,STOP_SCIENCE,
2024-02-08 15:55:00,background_2024_02_02,RUN_SEQ,MCO_Sband_setup
2024-02-08 15:55:01,background_2024_02_02/MCO_Sband_setup,TX_POWER,"ON,XBAND"
2024-02-08 15:55:06,background_2024_02_02/MCO_Sband_setup,CLOSE_SCI_PRODUCTS,
2024-02-08 15:55:11,background_2024_02_02/MCO_Sband_setup,FLUSH_DL_BUFFERS,
2024-02-08 15:55:12,background_2024_02_02/MCO_Sband_setup,SET_VCDU,17
2024-02-08 15:55:13,background_2024_02_02/MCO_Sband_setup,SET_TLM_PROD_RATE,XBAND_DL
2024-02-08 15:55:14,background_2024_02_02/MCO_Sband_setup,SET_PLAYBACK_RATE,200_MBPS
2024-02-08 15:55:15,background_2024_02_02/MCO_Sband_setup,START_PLAYBACK,
2024-02-08 16:08:50,background_2024_02_02,RUN_SEQ,break_down_comm
2024-02-08 16:08:51,background_2024_02_02,ADCS_YAW,-180
2024-02-08 16:08:51,background_2024_02_02/break_down_comm,STOP_PLAYBACK,
2024-02-08 16:08:52,background_2024_02_02/break_down_comm,SET_TLM_PROD_RATE,NOMINAL_SCI
2024-02-08 16:08:53,background_2024_02_02/break_down_comm,TX_POWER,"OFF,XBAND"
2024-02-08 16:08:54,background_2024_02_02/break_down_comm,TX_POWER,"OFF,SBAND"
2024-02-08 16:09:00,background_2024_02_02,DO_SCIENCE,"S_HEMI,DAY"
2024-02-08 16:26:28,background_2024_02_02,STOP_SCIENCE,
2024-02-08 16:26:29,background_2024_02_02,ADCS_YAW,180
2024-02-08 16:31:29,background_2024_02_02,DO_SCIENCE,"N_HEMI,DAY"
2024-02-08 16:53:29,background_2024_02_02,STOP_SCIENCE,
2024-02-08 16:55:27,background_2024_02_02,DO_SCIENCE,"N_HEMI,NIGHT"
2024-02-08 17:18:20,background_2024_02_02,STOP_SCIENCE,
2024-02-08 17:18:21,background_2024_02_02,DO_SCIENCE,"S_HEMI,NIGHT"
2024-02-08 17:30:10,background_2024_02_02,STOP_SCIENCE,
2024-02-08 17:34:00,background_2024_02_02,RUN_SEQ,MCO_Sband_setup
2024-02-08 17:34:01,background_2024_02_02/MCO_Sband_setup,TX_POWER,"ON,XBAND"
2024-02-08 17:34:06,background_2024_02_02/MCO_Sband_setup,CLOSE_SCI_PRODUCTS,
2024-02-08 17:34:11,background_2024_02_02/MCO_Sband_setup,FLUSH_DL_BUFFERS,
2024-02-08 17:34:12,background_2024_02_02/MCO_Sband_setup,SET_VCDU,17
2024-02-08 17:34:13,background_2024_02_02/MCO_Sband_setup,SET_TLM_PROD_RATE,XBAND_DL
2024-02-08 17:34:14,background_2024_02_02/MCO_Sband_setup,SET_PLAYBACK_RATE,200_MBPS
2024-02-08 17:34:15,background_2024_02_02/MCO_Sband_setup,START_PLAYBACK,
2024-02-08 17:48:50,background_2024_02_02,RUN_SEQ,break_down_comm
2024-02-08 17:48:51,background_2024_02_02,ADCS_YAW,-180
2024-02-08 17:48:51,background_2024_02_02/break_down_comm,STOP_PLAYBACK,
2024-02-08 17:48:52,background_2024_02_02/break_down_comm,SET_TLM_PROD_RATE,NOMINAL_SCI
2024-02-08 17:48:53,background_2024_02_02/break_down_comm,TX_POWER,"OFF,XBAND"
2024-02-08 17:48:54,background_2024_02_02/break_down_comm,TX_POWER,"OFF,SBAND"
2024-02-08 17:49:00,background_2024_02_02,DO_SCIENCE,"S_HEMI,DAY"
2024-02-08 18:05:22,background_2024_02_02,STOP_SCIENCE,
2024-02-08 18:05:23,background_2024_02_02,ADCS_YAW,180
2024-02-08 18:10:23,background_2024_02_02,DO_SCIENCE,"N_HEMI,DAY"
2024-02-08 18:32:29,background_2024_02_02,STOP_SCIENCE,
2024-02-08 18:34:21,background_2024_02_02,DO_SCIENCE,"N_HEMI,NIGHT"
2024-02-08 18:57:14,background_2024_02_02,STOP_SCIENCE,
2024-02-08 18:57:15,background_2024_02_02,DO_SCIENCE,"S_HEMI,NIGHT"
2024-02-08 19:09:04,background_2024_02_02,STOP_SCIENCE,
2024-02-08 19:14:00,background_2024_02_02,RUN_SEQ,MCO_Sband_setup
2024-02-08 19:14:01,background_2024_02_02/MCO_Sband_setup,TX_POWER,"ON,XBAND"
2024-02-08 19:14:06,background_2024_02_02/MCO_Sband_setup,CLOSE_SCI_PRODUCTS,
2024-02-08 19:14:11,background_2024_02_02/MCO_Sband_setup,FLUSH_DL_BUFFERS,
2024-02-08 19:14:12,background_2024_02_02/MCO_Sband_setup,SET_VCDU,17
2024-02-08 19:14:13,background_2024_02_02/MCO_Sband_setup,SET_TLM_PROD_RATE,XBAND_DL
2024-02-08 19:14:14,background_2024_02_02/MCO_Sband_setup,SET_PLAYBACK_RATE,200_MBPS
2024-02-08 19:14:15,background_2024_02_02/MCO_Sband_setup,START_PLAYBACK,
2024-02-08 19:28:50,background_2024_02_02,RUN_SEQ,break_down_comm
2024-02-08 19:28:51,background_2024_02_02,ADCS_YAW,-180
2024-02-08 19:28:51,background_2024_02_02/break_down_comm,STOP_PLAYBACK,
2024-02-08 19:28:52,background_2024_02_02/break_down_comm,SET_TLM_PROD_RATE,NOMINAL_SCI
2024-02-08 19:28:53,background_2024_02_02/break_down_comm,TX_POWER,"OFF,XBAND"
2024-02-08 19:28:54,background_2024_02_02/break_down_comm,TX_POWER,"OFF,SBAND"
2024-02-08 19:29:00,background_2024_02_02,DO_SCIENCE,"S_HEMI,DAY"
2024-02-08 19:44:15,background_2024_02_02,STOP_SCIENCE,
2024-02-08 19:44:16,background_2024_02_02,ADCS_YAW,180
2024-02-08 19:49:16,background_2024_02_02,DO_SCIENCE,"N_HEMI,DAY"
2024-02-08 20:11:28,background_2024_02_02,STOP_SCIENCE,
2024-02-08 20:13:15,background_2024_02_02,DO_SCIENCE,"N_HEMI,NIGHT"
2024-02-08 20:18:59,background_2024_02_02,STOP_SCIENCE,
2024-02-08 20:19:00,background_2024_02_02,RUN_SEQ,WGS_Sband_setup
2024-02-08 20:19:01,background_2024_02_02/WGS_Sband_setup,TX_POWER,"ON,XBAND"
2024-02-08 20:19:06,background_2024_02_02/WGS_Sband_setup,CLOSE_SCI_PRODUCTS,
2024-02-08 20:19:11,background_2024_02_02/WGS_Sband_setup,FLUSH_DL_BUFFERS,
2024-02-08 20:19:12,background_2024_02_02/WGS_Sband_setup,SET_VCDU,17
2024-02-08 20:19:13,background_2024_02_02/WGS_Sband_setup,SET_TLM_PROD_RATE,XBAND_DL
2024-02-08 20:19:14,background_2024_02_02/WGS_Sband_setup,SET_PLAYBACK_RATE,200_MBPS
2024-02-08 20:19:15,background_2024_02_02/WGS_Sband_setup,START_PLAYBACK,
2024-02-08 20:32:50,background_2024_02_02,RUN_SEQ,break_down_comm
2024-02-08 20:32:51,background_2024_02_02/break_down_comm,STOP_PLAYBACK,
2024-02-08 20:32:52,background_2024_02_02/break_down_comm,SET_TLM_PROD_RATE,NOMINAL_SCI
2024-02-08 20:32:53,background_2024_02_02/break_down_comm,TX_POWER,"OFF,XBAND"
2024-02-08 20:32:54,background_2024_02_02/break_down_comm,TX_POWER,"OFF,SBAND"
2024-02-08 20:36:08,background_2024_02_02,DO_SCIENCE,"S_HEMI,NIGHT"
2024-02-08 20:47:58,background_2024_02_02,STOP_SCIENCE,
2024-02-08 20:47:59,background_2024_02_02,DO_SCIENCE,"S_HEMI,DAY"
2024-02-08 20:54:59,background_2024_02_02,STOP_SCIENCE,
2024-02-08 20:55:00,background_2024_02_02,RUN_SEQ,MCO_Sband_setup
2024-02-08 20:55:01,background_2024_02_02/MCO_Sband_setup,TX_POWER,"ON,XBAND"
2024-02-08 20:55:06,background_2024_02_02/MCO_Sband_setup,CLOSE_SCI_PRODUCTS,
2024-02-08 20:55:11,background_2024_02_02/MCO_Sband_setup,FLUSH_DL_BUFFERS,
2024-02-08 20:55:12,background_2024_02_02/MCO_Sband_setup,SET_VCDU,17
2024-02-08 20:55:13,background_2024_02_02/MCO_Sband_setup,SET_TLM_PROD_RATE,XBAND_DL
2024-02-08 20:55:14,background_2024_02_02/MCO_Sband_setup,SET_PLAYBACK_RATE,200_MBPS
2024-02-08 20:55:15,background_2024_02_02/MCO_Sband_setup,START_PLAYBACK,
2024-02-08 21:08:50,background_2024_02_02,RUN_SEQ,break_down_comm
2024-02-08 21:08:51,background_2024_02_02,ADCS_YAW,-180
2024-02-08 21:08:51,background_2024_02_02/break_down_comm,STOP_PLAYBACK,
2024-02-08 21:08:52,background_2024_02_02/break_down_comm,SET_TLM_PROD_RATE,NOMINAL_SCI
2024-02-08 21:08:53,background_2024_02_02/break_down_comm,TX_POWER,"OFF,XBAND"
2024-02-08 21:08:54,background_2024_02_02/break_down_comm,TX_POWER,"OFF,SBAND"
2024-02-08 21:09:00,background_2024_02_02,DO_SCIENCE,"S_HEMI,DAY"
2024-02-08 21:23:09,background_2024_02_02,STOP_SCIENCE,
2024-02-08 21:23:10,background_2024_02_02,ADCS_YAW,180
2024-02-08 21:28:10,background_2024_02_02,DO_SCIENCE,"N_HEMI,DAY"
2024-02-08 21:50:28,background_2024_02_02,STOP_SCIENCE,
2024-02-08 21:52:09,background_2024_02_02,DO_SCIENCE,"N_HEMI,NIGHT"
2024-02-08 22:15:01,background_2024_02_02,STOP_SCIENCE,
2024-02-08 22:15:02,background_2024_02_02,DO_SCIENCE,"S_HEMI,NIGHT"
2024-02-08 22:26:52,background_2024_02_02,STOP_SCIENCE,
2024-02-08 22:26:53,background_2024_02_02,DO_SCIENCE,"S_HEMI,DAY"
2024-02-08 22:34:59,background_2024_02_02,STOP_SCIENCE,
2024-02-08 22:35:00,background_2024_02_02,RUN_SEQ,MCO_Sband_setup
2024-02-08 22:35:01,background_2024_02_02/MCO_Sband_setup,TX_POWER,"ON,XBAND"
2024-02-08 22:35:06,background_2024_02_02/MCO_Sband_setup,CLOSE_SCI_PRODUCTS,
2024-02-08 22:35:11,background_2024_02_02/MCO_Sband_setup,FLUSH_DL_BUFFERS,
2024-02-08 22:35:12,background_2024_02_02/MCO_Sband_setup,SET_VCDU,17
2024-02-08 22:35:13,background_2024_02_02/MCO_Sband_setup,SET_TLM_PROD_RATE,XBAND_DL
2024-02-08 22:35:14,background_2024_02_02/MCO_Sband_setup,SET_PLAYBACK_RATE,200_MBPS
2024-02-08 22:35:15,background_2024_02_02/MCO_Sband_setup,START_PLAYBACK,
2024-02-08 22:48:50,background_2024_02_02,RUN_SEQ,break_down_comm
2024-02-08 22:48:51,background_2024_02_02,ADCS_YAW,-180
2024-02-08 22:48:51,background_2024_02_02/break_down_comm,STOP_PLAYBACK,
2024-02-08 22:48:52,background_2024_02_02/break_down_comm,SET_TLM_PROD_RATE,NOMINAL_SCI
2024-02-08 22:48:53,background_2024_02_02/break_down_comm,TX_POWER,"OFF,XBAND"
2024-02-08 22:48:54,background_2024_02_02/break_down_comm,TX_POWER,"OFF,SBAND"
2024-02-08 22:49:00,background_2024_02_02,DO_SCIENCE,"S_HEMI,DAY"
2024-02-08 23:02:03,background_2024_02_02,STOP_SCIENCE,
2024-02-08 23:02:04,background_2024_02_02,ADCS_YAW,180
2024-02-08 23:07:04,background_2024_02_02,DO_SCIENCE,"N_HEMI,DAY"
2024-02-08 23:29:28,background_2024_02_02,STOP_SCIENCE,
2024-02-08 23:31:03,background_2024_02_02,DO_SCIENCE,"N_HEMI,NIGHT"
2024-02-08 23:53:55,background_2024_02_02,STOP_SCIENCE,
2024-02-08 23:53:56,background_2024_02_02,DO_SCIENCE,"S_HEMI,NIGHT"
2024-02-08 23:59:31,background_2024_02_02,STOP_SCIENCE,
